Year,Country of Origin Code,Country of Asylum Code,Country of Origin Name,Country of Asylum Name,Procedure Type,Procedure Name,Application Type Code,Application Type,Application Data Type,Application Data,Application Average Persons Per Case,Number of Applications
#date+year,#country+code+origin,#country+code+asylum,#country+name+origin,#country+name+asylum,#indicator+procedure_type,#indicator+procedure+name,#indicator+application_type+code,#indicator+application_type,#indicator+application_data_type,#indicator+application_data,#indicator+application_average_persons+num,#inneed+asylum_seekers+applications
2000,AFG,TUR,Afghanistan,Türkiye,U,UNHCR,V,Various,P,Persons,0,81
2000,DZA,TUR,Algeria,Türkiye,U,UNHCR,V,Various,P,Persons,0,5
2000,CHN,TUR,China,Türkiye,U,UNHCR,V,Various,P,Persons,0,11
2000,COG,TUR,Congo,Türkiye,U,UNHCR,V,Various,P,Persons,0,5
2000,ETH,TUR,Ethiopia,Türkiye,U,UNHCR,V,Various,P,Persons,0,12
2000,PSE,TUR,State of Palestine,Türkiye,U,UNHCR,V,Various,P,Persons,0,13
2000,IRN,TUR,Iran (Islamic Republic of),Türkiye,U,UNHCR,V,Various,P,Persons,0,3860
2000,IRQ,TUR,Iraq,Türkiye,U,UNHCR,V,Various,P,Persons,0,1641
2000,NGA,TUR,Nigeria,Türkiye,U,UNHCR,V,Various,P,Persons,0,5
2000,SLE,TUR,Sierra Leone,Türkiye,U,UNHCR,V,Various,P,Persons,0,5
2000,SOM,TUR,Somalia,Türkiye,U,UNHCR,V,Various,P,Persons,0,11
2000,SDN,TUR,Sudan,Türkiye,U,UNHCR,V,Various,P,Persons,0,7
2000,SYR,TUR,Syrian Arab Republic,Türkiye,U,UNHCR,V,Various,P,Persons,0,5
2000,TUN,TUR,Tunisia,Türkiye,U,UNHCR,V,Various,P,Persons,0,5
2000,UZB,TUR,Uzbekistan,Türkiye,U,UNHCR,V,Various,P,Persons,0,13
2001,AFG,TUR,Afghanistan,Türkiye,U,UNHCR,V,Various,P,Persons,0,431
2001,DZA,TUR,Algeria,Türkiye,U,UNHCR,V,Various,P,Persons,0,5
2001,EGY,TUR,Egypt,Türkiye,U,UNHCR,V,Various,P,Persons,0,7
2001,CHN,TUR,China,Türkiye,U,UNHCR,V,Various,P,Persons,0,47
2001,COD,TUR,Democratic Republic of the Congo,Türkiye,U,UNHCR,V,Various,P,Persons,0,5
2001,ERI,TUR,Eritrea,Türkiye,U,UNHCR,V,Various,P,Persons,0,5
2001,ETH,TUR,Ethiopia,Türkiye,U,UNHCR,V,Various,P,Persons,0,7
2001,PSE,TUR,State of Palestine,Türkiye,U,UNHCR,V,Various,P,Persons,0,9
2001,IRN,TUR,Iran (Islamic Republic of),Türkiye,U,UNHCR,V,Various,P,Persons,0,3385
2001,IRQ,TUR,Iraq,Türkiye,U,UNHCR,V,Various,P,Persons,0,982
2001,JOR,TUR,Jordan,Türkiye,U,UNHCR,V,Various,P,Persons,0,6
2001,KAZ,TUR,Kazakhstan,Türkiye,U,UNHCR,V,Various,P,Persons,0,5
2001,KEN,TUR,Kenya,Türkiye,U,UNHCR,V,Various,P,Persons,0,27
2001,LKA,TUR,Sri Lanka,Türkiye,U,UNHCR,V,Various,P,Persons,0,23
2001,NGA,TUR,Nigeria,Türkiye,U,UNHCR,V,Various,P,Persons,0,6
2001,PAK,TUR,Pakistan,Türkiye,U,UNHCR,V,Various,P,Persons,0,5
2001,SLE,TUR,Sierra Leone,Türkiye,U,UNHCR,V,Various,P,Persons,0,7
2001,SOM,TUR,Somalia,Türkiye,U,UNHCR,V,Various,P,Persons,0,25
2001,SDN,TUR,Sudan,Türkiye,U,UNHCR,V,Various,P,Persons,0,7
2001,SYR,TUR,Syrian Arab Republic,Türkiye,U,UNHCR,V,Various,P,Persons,0,10
2001,TUN,TUR,Tunisia,Türkiye,U,UNHCR,V,Various,P,Persons,0,6
2001,UZB,TUR,Uzbekistan,Türkiye,U,UNHCR,V,Various,P,Persons,0,24
2002,AFG,TUR,Afghanistan,Türkiye,U,UNHCR,V,Various,P,Persons,0,47
2002,DZA,TUR,Algeria,Türkiye,U,UNHCR,V,Various,P,Persons,0,12
2002,EGY,TUR,Egypt,Türkiye,U,UNHCR,V,Various,P,Persons,0,5
2002,CHN,TUR,China,Türkiye,U,UNHCR,V,Various,P,Persons,0,41
2002,COD,TUR,Democratic Republic of the Congo,Türkiye,U,UNHCR,V,Various,P,Persons,0,24
2002,ERI,TUR,Eritrea,Türkiye,U,UNHCR,V,Various,P,Persons,0,11
2002,ETH,TUR,Ethiopia,Türkiye,U,UNHCR,V,Various,P,Persons,0,5
2002,PSE,TUR,State of Palestine,Türkiye,U,UNHCR,V,Various,P,Persons,0,24
2002,IRN,TUR,Iran (Islamic Republic of),Türkiye,U,UNHCR,V,Various,P,Persons,0,2505
2002,IRQ,TUR,Iraq,Türkiye,U,UNHCR,V,Various,P,Persons,0,974
2002,LKA,TUR,Sri Lanka,Türkiye,U,UNHCR,V,Various,P,Persons,0,30
2002,NGA,TUR,Nigeria,Türkiye,U,UNHCR,V,Various,P,Persons,0,5
2002,PAK,TUR,Pakistan,Türkiye,U,UNHCR,V,Various,P,Persons,0,9
2002,SOM,TUR,Somalia,Türkiye,U,UNHCR,V,Various,P,Persons,0,23
2002,STA,TUR,Stateless,Türkiye,U,UNHCR,V,Various,P,Persons,0,5
2002,SYR,TUR,Syrian Arab Republic,Türkiye,U,UNHCR,V,Various,P,Persons,0,14
2002,TUN,TUR,Tunisia,Türkiye,U,UNHCR,V,Various,P,Persons,0,11
2002,UZB,TUR,Uzbekistan,Türkiye,U,UNHCR,V,Various,P,Persons,0,38
2003,AFG,TUR,Afghanistan,Türkiye,U,UNHCR,V,Various,P,Persons,0,77
2003,DZA,TUR,Algeria,Türkiye,U,UNHCR,V,Various,P,Persons,0,5
2003,EGY,TUR,Egypt,Türkiye,U,UNHCR,V,Various,P,Persons,0,5
2003,BDI,TUR,Burundi,Türkiye,U,UNHCR,V,Various,P,Persons,0,5
2003,CHN,TUR,China,Türkiye,U,UNHCR,V,Various,P,Persons,0,19
2003,COD,TUR,Democratic Republic of the Congo,Türkiye,U,UNHCR,V,Various,P,Persons,0,7
2003,ERI,TUR,Eritrea,Türkiye,U,UNHCR,V,Various,P,Persons,0,20
2003,ETH,TUR,Ethiopia,Türkiye,U,UNHCR,V,Various,P,Persons,0,48
2003,PSE,TUR,State of Palestine,Türkiye,U,UNHCR,V,Various,P,Persons,0,6
2003,IRN,TUR,Iran (Islamic Republic of),Türkiye,U,UNHCR,V,Various,P,Persons,0,3092
2003,IRQ,TUR,Iraq,Türkiye,U,UNHCR,V,Various,P,Persons,0,342
2003,JOR,TUR,Jordan,Türkiye,U,UNHCR,V,Various,P,Persons,0,5
2003,KWT,TUR,Kuwait,Türkiye,U,UNHCR,V,Various,P,Persons,0,5
2003,LBN,TUR,Lebanon,Türkiye,U,UNHCR,V,Various,P,Persons,0,5
2003,LKA,TUR,Sri Lanka,Türkiye,U,UNHCR,V,Various,P,Persons,0,6
2003,MAR,TUR,Morocco,Türkiye,U,UNHCR,V,Various,P,Persons,0,9
2003,NGA,TUR,Nigeria,Türkiye,U,UNHCR,V,Various,P,Persons,0,5
2003,SLE,TUR,Sierra Leone,Türkiye,U,UNHCR,V,Various,P,Persons,0,5
2003,SOM,TUR,Somalia,Türkiye,U,UNHCR,V,Various,P,Persons,0,183
2003,SDN,TUR,Sudan,Türkiye,U,UNHCR,V,Various,P,Persons,0,64
2003,SYR,TUR,Syrian Arab Republic,Türkiye,U,UNHCR,V,Various,P,Persons,0,7
2003,TUN,TUR,Tunisia,Türkiye,U,UNHCR,V,Various,P,Persons,0,5
2003,UZB,TUR,Uzbekistan,Türkiye,U,UNHCR,V,Various,P,Persons,0,24
2004,AFG,TUR,Afghanistan,Türkiye,U,UNHCR,V,Various,P,Persons,0,341
2004,DZA,TUR,Algeria,Türkiye,U,UNHCR,V,Various,P,Persons,0,7
2004,AZE,TUR,Azerbaijan,Türkiye,U,UNHCR,V,Various,P,Persons,0,5
2004,CHN,TUR,China,Türkiye,U,UNHCR,V,Various,P,Persons,0,57
2004,COD,TUR,Democratic Republic of the Congo,Türkiye,U,UNHCR,V,Various,P,Persons,0,10
2004,ERI,TUR,Eritrea,Türkiye,U,UNHCR,V,Various,P,Persons,0,18
2004,ETH,TUR,Ethiopia,Türkiye,U,UNHCR,V,Various,P,Persons,0,18
2004,PSE,TUR,State of Palestine,Türkiye,U,UNHCR,V,Various,P,Persons,0,23
2004,IRN,TUR,Iran (Islamic Republic of),Türkiye,U,UNHCR,V,Various,P,Persons,0,2029
2004,IRQ,TUR,Iraq,Türkiye,U,UNHCR,V,Various,P,Persons,0,964
2004,KGZ,TUR,Kyrgyzstan,Türkiye,U,UNHCR,V,Various,P,Persons,0,5
2004,LBR,TUR,Liberia,Türkiye,U,UNHCR,V,Various,P,Persons,0,5
2004,LKA,TUR,Sri Lanka,Türkiye,U,UNHCR,V,Various,P,Persons,0,5
2004,MRT,TUR,Mauritania,Türkiye,U,UNHCR,V,Various,P,Persons,0,5
2004,MAR,TUR,Morocco,Türkiye,U,UNHCR,V,Various,P,Persons,0,5
2004,MMR,TUR,Myanmar,Türkiye,U,UNHCR,V,Various,P,Persons,0,5
2004,NGA,TUR,Nigeria,Türkiye,U,UNHCR,V,Various,P,Persons,0,6
2004,PAK,TUR,Pakistan,Türkiye,U,UNHCR,V,Various,P,Persons,0,6
2004,SOM,TUR,Somalia,Türkiye,U,UNHCR,V,Various,P,Persons,0,308
2004,SDN,TUR,Sudan,Türkiye,U,UNHCR,V,Various,P,Persons,0,28
2004,SYR,TUR,Syrian Arab Republic,Türkiye,U,UNHCR,V,Various,P,Persons,0,16
2004,TKM,TUR,Turkmenistan,Türkiye,U,UNHCR,V,Various,P,Persons,0,5
2004,TUN,TUR,Tunisia,Türkiye,U,UNHCR,V,Various,P,Persons,0,5
2004,UZB,TUR,Uzbekistan,Türkiye,U,UNHCR,V,Various,P,Persons,0,28
2005,AFG,TUR,Afghanistan,Türkiye,U,UNHCR,V,Various,P,Persons,0,364
2005,DZA,TUR,Algeria,Türkiye,U,UNHCR,V,Various,P,Persons,0,5
2005,BDI,TUR,Burundi,Türkiye,U,UNHCR,V,Various,P,Persons,0,5
2005,CHN,TUR,China,Türkiye,U,UNHCR,V,Various,P,Persons,0,30
2005,COD,TUR,Democratic Republic of the Congo,Türkiye,U,UNHCR,V,Various,P,Persons,0,12
2005,ERI,TUR,Eritrea,Türkiye,U,UNHCR,V,Various,P,Persons,0,18
2005,ETH,TUR,Ethiopia,Türkiye,U,UNHCR,V,Various,P,Persons,0,32
2005,PSE,TUR,State of Palestine,Türkiye,U,UNHCR,V,Various,P,Persons,0,29
2005,IRN,TUR,Iran (Islamic Republic of),Türkiye,U,UNHCR,V,Various,P,Persons,0,1716
2005,IRQ,TUR,Iraq,Türkiye,U,UNHCR,V,Various,P,Persons,0,1047
2005,KGZ,TUR,Kyrgyzstan,Türkiye,U,UNHCR,V,Various,P,Persons,0,5
2005,LBY,TUR,Libya,Türkiye,U,UNHCR,V,Various,P,Persons,0,5
2005,LBN,TUR,Lebanon,Türkiye,U,UNHCR,V,Various,P,Persons,0,5
2005,LKA,TUR,Sri Lanka,Türkiye,U,UNHCR,V,Various,P,Persons,0,10
2005,MRT,TUR,Mauritania,Türkiye,U,UNHCR,V,Various,P,Persons,0,14
2005,MAR,TUR,Morocco,Türkiye,U,UNHCR,V,Various,P,Persons,0,5
2005,MAR,TUR,Morocco,Türkiye,U,UNHCR,V,Various,P,Persons,0,5
2005,NGA,TUR,Nigeria,Türkiye,U,UNHCR,V,Various,P,Persons,0,8
2005,PAK,TUR,Pakistan,Türkiye,U,UNHCR,V,Various,P,Persons,0,5
2005,SOM,TUR,Somalia,Türkiye,U,UNHCR,V,Various,P,Persons,0,473
2005,SDN,TUR,Sudan,Türkiye,U,UNHCR,V,Various,P,Persons,0,76
2005,SYR,TUR,Syrian Arab Republic,Türkiye,U,UNHCR,V,Various,P,Persons,0,10
2005,TKM,TUR,Turkmenistan,Türkiye,U,UNHCR,V,Various,P,Persons,0,8
2005,TUN,TUR,Tunisia,Türkiye,U,UNHCR,V,Various,P,Persons,0,5
2005,UZB,TUR,Uzbekistan,Türkiye,U,UNHCR,V,Various,P,Persons,0,24
2006,AFG,TUR,Afghanistan,Türkiye,U,UNHCR,A,Appeal,P,Persons,0,56
2006,AFG,TUR,Afghanistan,Türkiye,U,UNHCR,N,New,P,Persons,0,261
2006,DZA,TUR,Algeria,Türkiye,U,UNHCR,N,New,P,Persons,0,5
2006,AZE,TUR,Azerbaijan,Türkiye,U,UNHCR,N,New,P,Persons,0,5
2006,CHN,TUR,China,Türkiye,U,UNHCR,N,New,P,Persons,0,31
2006,COD,TUR,Democratic Republic of the Congo,Türkiye,U,UNHCR,N,New,P,Persons,0,28
2006,ERI,TUR,Eritrea,Türkiye,U,UNHCR,A,Appeal,P,Persons,0,6
2006,ERI,TUR,Eritrea,Türkiye,U,UNHCR,N,New,P,Persons,0,57
2006,ERI,TUR,Eritrea,Türkiye,U,UNHCR,R,Repeat,P,Persons,0,5
2006,ETH,TUR,Ethiopia,Türkiye,U,UNHCR,A,Appeal,P,Persons,0,6
2006,ETH,TUR,Ethiopia,Türkiye,U,UNHCR,N,New,P,Persons,0,58
2006,PSE,TUR,State of Palestine,Türkiye,U,UNHCR,A,Appeal,P,Persons,0,5
2006,PSE,TUR,State of Palestine,Türkiye,U,UNHCR,N,New,P,Persons,0,51
2006,GIN,TUR,Guinea,Türkiye,U,UNHCR,N,New,P,Persons,0,5
2006,CIV,TUR,Côte d'Ivoire,Türkiye,U,UNHCR,N,New,P,Persons,0,32
2006,IRN,TUR,Iran (Islamic Republic of),Türkiye,U,UNHCR,A,Appeal,P,Persons,0,293
2006,IRN,TUR,Iran (Islamic Republic of),Türkiye,U,UNHCR,N,New,P,Persons,0,2297
2006,IRN,TUR,Iran (Islamic Republic of),Türkiye,U,UNHCR,R,Repeat,P,Persons,0,29
2006,IRQ,TUR,Iraq,Türkiye,U,UNHCR,N,New,P,Persons,0,722
2006,JOR,TUR,Jordan,Türkiye,U,UNHCR,N,New,P,Persons,0,5
2006,KAZ,TUR,Kazakhstan,Türkiye,U,UNHCR,A,Appeal,P,Persons,0,5
2006,LBR,TUR,Liberia,Türkiye,U,UNHCR,N,New,P,Persons,0,12
2006,LKA,TUR,Sri Lanka,Türkiye,U,UNHCR,N,New,P,Persons,0,61
2006,MRT,TUR,Mauritania,Türkiye,U,UNHCR,A,Appeal,P,Persons,0,7
2006,MRT,TUR,Mauritania,Türkiye,U,UNHCR,N,New,P,Persons,0,43
2006,MAR,TUR,Morocco,Türkiye,U,UNHCR,N,New,P,Persons,0,13
2006,NGA,TUR,Nigeria,Türkiye,U,UNHCR,A,Appeal,P,Persons,0,5
2006,NGA,TUR,Nigeria,Türkiye,U,UNHCR,N,New,P,Persons,0,5
2006,PAK,TUR,Pakistan,Türkiye,U,UNHCR,N,New,P,Persons,0,5
2006,SLE,TUR,Sierra Leone,Türkiye,U,UNHCR,N,New,P,Persons,0,6
2006,SOM,TUR,Somalia,Türkiye,U,UNHCR,A,Appeal,P,Persons,0,110
2006,SOM,TUR,Somalia,Türkiye,U,UNHCR,N,New,P,Persons,0,680
2006,SDN,TUR,Sudan,Türkiye,U,UNHCR,A,Appeal,P,Persons,0,13
2006,SDN,TUR,Sudan,Türkiye,U,UNHCR,N,New,P,Persons,0,113
2006,SYR,TUR,Syrian Arab Republic,Türkiye,U,UNHCR,N,New,P,Persons,0,7
2006,TKM,TUR,Turkmenistan,Türkiye,U,UNHCR,A,Appeal,P,Persons,0,5
2006,TKM,TUR,Turkmenistan,Türkiye,U,UNHCR,N,New,P,Persons,0,6
2006,TUN,TUR,Tunisia,Türkiye,U,UNHCR,N,New,P,Persons,0,5
2006,UZB,TUR,Uzbekistan,Türkiye,U,UNHCR,N,New,P,Persons,0,24
2007,AFG,TUR,Afghanistan,Türkiye,U,UNHCR,A,Appeal,P,Persons,0,37
2007,AFG,TUR,Afghanistan,Türkiye,U,UNHCR,N,New,P,Persons,0,705
2007,AFG,TUR,Afghanistan,Türkiye,U,UNHCR,R,Repeat,P,Persons,0,11
2007,BDI,TUR,Burundi,Türkiye,U,UNHCR,A,Appeal,P,Persons,0,5
2007,CAF,TUR,Central African Republic,Türkiye,U,UNHCR,N,New,P,Persons,0,5
2007,CHN,TUR,China,Türkiye,U,UNHCR,N,New,P,Persons,0,16
2007,CMR,TUR,Cameroon,Türkiye,U,UNHCR,A,Appeal,P,Persons,0,5
2007,CMR,TUR,Cameroon,Türkiye,U,UNHCR,N,New,P,Persons,0,5
2007,COG,TUR,Congo,Türkiye,U,UNHCR,N,New,P,Persons,0,5
2007,COD,TUR,Democratic Republic of the Congo,Türkiye,U,UNHCR,A,Appeal,P,Persons,0,15
2007,COD,TUR,Democratic Republic of the Congo,Türkiye,U,UNHCR,N,New,P,Persons,0,76
2007,ERI,TUR,Eritrea,Türkiye,U,UNHCR,A,Appeal,P,Persons,0,11
2007,ERI,TUR,Eritrea,Türkiye,U,UNHCR,N,New,P,Persons,0,45
2007,ETH,TUR,Ethiopia,Türkiye,U,UNHCR,A,Appeal,P,Persons,0,20
2007,ETH,TUR,Ethiopia,Türkiye,U,UNHCR,N,New,P,Persons,0,54
2007,PSE,TUR,State of Palestine,Türkiye,U,UNHCR,A,Appeal,P,Persons,0,5
2007,PSE,TUR,State of Palestine,Türkiye,U,UNHCR,N,New,P,Persons,0,157
2007,GIN,TUR,Guinea,Türkiye,U,UNHCR,N,New,P,Persons,0,24
2007,CIV,TUR,Côte d'Ivoire,Türkiye,U,UNHCR,A,Appeal,P,Persons,0,5
2007,CIV,TUR,Côte d'Ivoire,Türkiye,U,UNHCR,N,New,P,Persons,0,11
2007,IRN,TUR,Iran (Islamic Republic of),Türkiye,U,UNHCR,A,Appeal,P,Persons,0,212
2007,IRN,TUR,Iran (Islamic Republic of),Türkiye,U,UNHCR,N,New,P,Persons,0,1685
2007,IRN,TUR,Iran (Islamic Republic of),Türkiye,U,UNHCR,R,Repeat,P,Persons,0,135
2007,IRQ,TUR,Iraq,Türkiye,U,UNHCR,A,Appeal,P,Persons,0,31
2007,IRQ,TUR,Iraq,Türkiye,U,UNHCR,N,New,P,Persons,0,3470
2007,IRQ,TUR,Iraq,Türkiye,U,UNHCR,R,Repeat,P,Persons,0,70
2007,KGZ,TUR,Kyrgyzstan,Türkiye,U,UNHCR,N,New,P,Persons,0,5
2007,LBR,TUR,Liberia,Türkiye,U,UNHCR,A,Appeal,P,Persons,0,5
2007,LKA,TUR,Sri Lanka,Türkiye,U,UNHCR,N,New,P,Persons,0,50
2007,MRT,TUR,Mauritania,Türkiye,U,UNHCR,A,Appeal,P,Persons,0,8
2007,MRT,TUR,Mauritania,Türkiye,U,UNHCR,N,New,P,Persons,0,10
2007,MAR,TUR,Morocco,Türkiye,U,UNHCR,A,Appeal,P,Persons,0,5
2007,MAR,TUR,Morocco,Türkiye,U,UNHCR,N,New,P,Persons,0,6
2007,NGA,TUR,Nigeria,Türkiye,U,UNHCR,N,New,P,Persons,0,7
2007,PAK,TUR,Pakistan,Türkiye,U,UNHCR,N,New,P,Persons,0,12
2007,PHL,TUR,Philippines,Türkiye,U,UNHCR,N,New,P,Persons,0,5
2007,SOM,TUR,Somalia,Türkiye,U,UNHCR,A,Appeal,P,Persons,0,94
2007,SOM,TUR,Somalia,Türkiye,U,UNHCR,N,New,P,Persons,0,1125
2007,SOM,TUR,Somalia,Türkiye,U,UNHCR,R,Repeat,P,Persons,0,5
2007,SDN,TUR,Sudan,Türkiye,U,UNHCR,A,Appeal,P,Persons,0,25
2007,SDN,TUR,Sudan,Türkiye,U,UNHCR,N,New,P,Persons,0,76
2007,SYR,TUR,Syrian Arab Republic,Türkiye,U,UNHCR,A,Appeal,P,Persons,0,5
2007,SYR,TUR,Syrian Arab Republic,Türkiye,U,UNHCR,N,New,P,Persons,0,21
2007,TUN,TUR,Tunisia,Türkiye,U,UNHCR,N,New,P,Persons,0,9
2007,UZB,TUR,Uzbekistan,Türkiye,U,UNHCR,N,New,P,Persons,0,42
2007,UZB,TUR,Uzbekistan,Türkiye,U,UNHCR,R,Repeat,P,Persons,0,7
2008,AFG,TUR,Afghanistan,Türkiye,U,UNHCR,N,New,P,Persons,0,146
2008,AFG,TUR,Afghanistan,Türkiye,U,UNHCR,N,New,P,Persons,0,2642
2008,AFG,TUR,Afghanistan,Türkiye,U,UNHCR,R,Repeat,P,Persons,0,6
2008,EGY,TUR,Egypt,Türkiye,U,UNHCR,N,New,P,Persons,0,8
2008,BDI,TUR,Burundi,Türkiye,U,UNHCR,N,New,P,Persons,0,5
2008,BGD,TUR,Bangladesh,Türkiye,U,UNHCR,N,New,P,Persons,0,5
2008,BTN,TUR,Bhutan,Türkiye,U,UNHCR,N,New,P,Persons,0,5
2008,CHN,TUR,China,Türkiye,U,UNHCR,N,New,P,Persons,0,6
2008,CHN,TUR,China,Türkiye,U,UNHCR,N,New,P,Persons,0,27
2008,CMR,TUR,Cameroon,Türkiye,U,UNHCR,N,New,P,Persons,0,18
2008,COD,TUR,Democratic Republic of the Congo,Türkiye,U,UNHCR,N,New,P,Persons,0,25
2008,COD,TUR,Democratic Republic of the Congo,Türkiye,U,UNHCR,N,New,P,Persons,0,71
2008,ERI,TUR,Eritrea,Türkiye,U,UNHCR,N,New,P,Persons,0,9
2008,ERI,TUR,Eritrea,Türkiye,U,UNHCR,N,New,P,Persons,0,76
2008,ETH,TUR,Ethiopia,Türkiye,U,UNHCR,N,New,P,Persons,0,22
2008,ETH,TUR,Ethiopia,Türkiye,U,UNHCR,N,New,P,Persons,0,17
2008,PSE,TUR,State of Palestine,Türkiye,U,UNHCR,N,New,P,Persons,0,16
2008,PSE,TUR,State of Palestine,Türkiye,U,UNHCR,N,New,P,Persons,0,74
2008,GIN,TUR,Guinea,Türkiye,U,UNHCR,N,New,P,Persons,0,5
2008,GIN,TUR,Guinea,Türkiye,U,UNHCR,N,New,P,Persons,0,11
2008,CIV,TUR,Côte d'Ivoire,Türkiye,U,UNHCR,N,New,P,Persons,0,9
2008,CIV,TUR,Côte d'Ivoire,Türkiye,U,UNHCR,N,New,P,Persons,0,5
2008,IRN,TUR,Iran (Islamic Republic of),Türkiye,U,UNHCR,N,New,P,Persons,0,224
2008,IRN,TUR,Iran (Islamic Republic of),Türkiye,U,UNHCR,N,New,P,Persons,0,2116
2008,IRN,TUR,Iran (Islamic Republic of),Türkiye,U,UNHCR,R,Repeat,P,Persons,0,52
2008,IRQ,TUR,Iraq,Türkiye,U,UNHCR,N,New,P,Persons,0,74
2008,IRQ,TUR,Iraq,Türkiye,U,UNHCR,N,New,P,Persons,0,6904
2008,IRQ,TUR,Iraq,Türkiye,U,UNHCR,R,Repeat,P,Persons,0,27
2008,KEN,TUR,Kenya,Türkiye,U,UNHCR,N,New,P,Persons,0,5
2008,KGZ,TUR,Kyrgyzstan,Türkiye,U,UNHCR,N,New,P,Persons,0,5
2008,LBR,TUR,Liberia,Türkiye,U,UNHCR,N,New,P,Persons,0,5
2008,LKA,TUR,Sri Lanka,Türkiye,U,UNHCR,N,New,P,Persons,0,19
2008,LKA,TUR,Sri Lanka,Türkiye,U,UNHCR,N,New,P,Persons,0,42
2008,MRT,TUR,Mauritania,Türkiye,U,UNHCR,N,New,P,Persons,0,16
2008,MAR,TUR,Morocco,Türkiye,U,UNHCR,N,New,P,Persons,0,6
2008,MMR,TUR,Myanmar,Türkiye,U,UNHCR,N,New,P,Persons,0,20
2008,NGA,TUR,Nigeria,Türkiye,U,UNHCR,N,New,P,Persons,0,5
2008,NGA,TUR,Nigeria,Türkiye,U,UNHCR,N,New,P,Persons,0,7
2008,PAK,TUR,Pakistan,Türkiye,U,UNHCR,N,New,P,Persons,0,9
2008,SLE,TUR,Sierra Leone,Türkiye,U,UNHCR,N,New,P,Persons,0,5
2008,SOM,TUR,Somalia,Türkiye,U,UNHCR,N,New,P,Persons,0,124
2008,SOM,TUR,Somalia,Türkiye,U,UNHCR,N,New,P,Persons,0,647
2008,STA,TUR,Stateless,Türkiye,U,UNHCR,N,New,P,Persons,0,14
2008,SDN,TUR,Sudan,Türkiye,U,UNHCR,N,New,P,Persons,0,29
2008,SDN,TUR,Sudan,Türkiye,U,UNHCR,N,New,P,Persons,0,156
2008,SYR,TUR,Syrian Arab Republic,Türkiye,U,UNHCR,N,New,P,Persons,0,5
2008,SYR,TUR,Syrian Arab Republic,Türkiye,U,UNHCR,N,New,P,Persons,0,20
2008,TKM,TUR,Turkmenistan,Türkiye,U,UNHCR,N,New,P,Persons,0,5
2008,USA,TUR,United States of America,Türkiye,U,UNHCR,N,New,P,Persons,0,5
2008,UZB,TUR,Uzbekistan,Türkiye,U,UNHCR,N,New,P,Persons,0,35
2009,AFG,TUR,Afghanistan,Türkiye,U,UNHCR,N,New,P,Persons,0,644
2009,AFG,TUR,Afghanistan,Türkiye,U,UNHCR,N,New,P,Persons,0,1009
2009,DZA,TUR,Algeria,Türkiye,U,UNHCR,N,New,P,Persons,0,5
2009,EGY,TUR,Egypt,Türkiye,U,UNHCR,N,New,P,Persons,0,5
2009,EGY,TUR,Egypt,Türkiye,U,UNHCR,N,New,P,Persons,0,7
2009,BGD,TUR,Bangladesh,Türkiye,U,UNHCR,N,New,P,Persons,0,21
2009,CHN,TUR,China,Türkiye,U,UNHCR,N,New,P,Persons,0,12
2009,CHN,TUR,China,Türkiye,U,UNHCR,R,Repeat,P,Persons,0,5
2009,CMR,TUR,Cameroon,Türkiye,U,UNHCR,N,New,P,Persons,0,19
2009,COG,TUR,Congo,Türkiye,U,UNHCR,N,New,P,Persons,0,7
2009,COD,TUR,Democratic Republic of the Congo,Türkiye,U,UNHCR,N,New,P,Persons,0,9
2009,COD,TUR,Democratic Republic of the Congo,Türkiye,U,UNHCR,N,New,P,Persons,0,41
2009,ERI,TUR,Eritrea,Türkiye,U,UNHCR,N,New,P,Persons,0,6
2009,ERI,TUR,Eritrea,Türkiye,U,UNHCR,N,New,P,Persons,0,66
2009,ETH,TUR,Ethiopia,Türkiye,U,UNHCR,N,New,P,Persons,0,5
2009,ETH,TUR,Ethiopia,Türkiye,U,UNHCR,N,New,P,Persons,0,23
2009,PSE,TUR,State of Palestine,Türkiye,U,UNHCR,N,New,P,Persons,0,72
2009,GIN,TUR,Guinea,Türkiye,U,UNHCR,N,New,P,Persons,0,11
2009,GIN,TUR,Guinea,Türkiye,U,UNHCR,N,New,P,Persons,0,29
2009,CIV,TUR,Côte d'Ivoire,Türkiye,U,UNHCR,N,New,P,Persons,0,5
2009,CIV,TUR,Côte d'Ivoire,Türkiye,U,UNHCR,N,New,P,Persons,0,10
2009,IRN,TUR,Iran (Islamic Republic of),Türkiye,U,UNHCR,N,New,P,Persons,0,263
2009,IRN,TUR,Iran (Islamic Republic of),Türkiye,U,UNHCR,N,New,P,Persons,0,1981
2009,IRN,TUR,Iran (Islamic Republic of),Türkiye,U,UNHCR,R,Repeat,P,Persons,0,15
2009,IRQ,TUR,Iraq,Türkiye,U,UNHCR,N,New,P,Persons,0,36
2009,IRQ,TUR,Iraq,Türkiye,U,UNHCR,N,New,P,Persons,0,3763
2009,IRQ,TUR,Iraq,Türkiye,U,UNHCR,R,Repeat,P,Persons,0,9
2009,JOR,TUR,Jordan,Türkiye,U,UNHCR,N,New,P,Persons,0,5
2009,LBR,TUR,Liberia,Türkiye,U,UNHCR,N,New,P,Persons,0,5
2009,LKA,TUR,Sri Lanka,Türkiye,U,UNHCR,N,New,P,Persons,0,7
2009,LKA,TUR,Sri Lanka,Türkiye,U,UNHCR,N,New,P,Persons,0,29
2009,MRT,TUR,Mauritania,Türkiye,U,UNHCR,N,New,P,Persons,0,18
2009,MLI,TUR,Mali,Türkiye,U,UNHCR,N,New,P,Persons,0,5
2009,MAR,TUR,Morocco,Türkiye,U,UNHCR,N,New,P,Persons,0,6
2009,MMR,TUR,Myanmar,Türkiye,U,UNHCR,N,New,P,Persons,0,112
2009,NGA,TUR,Nigeria,Türkiye,U,UNHCR,N,New,P,Persons,0,6
2009,NGA,TUR,Nigeria,Türkiye,U,UNHCR,N,New,P,Persons,0,21
2009,PAK,TUR,Pakistan,Türkiye,U,UNHCR,N,New,P,Persons,0,36
2009,RUS,TUR,Russian Federation,Türkiye,U,UNHCR,N,New,P,Persons,0,5
2009,SLE,TUR,Sierra Leone,Türkiye,U,UNHCR,N,New,P,Persons,0,9
2009,SOM,TUR,Somalia,Türkiye,U,UNHCR,N,New,P,Persons,0,17
2009,SOM,TUR,Somalia,Türkiye,U,UNHCR,N,New,P,Persons,0,295
2009,STA,TUR,Stateless,Türkiye,U,UNHCR,N,New,P,Persons,0,7
2009,SDN,TUR,Sudan,Türkiye,U,UNHCR,N,New,P,Persons,0,20
2009,SDN,TUR,Sudan,Türkiye,U,UNHCR,N,New,P,Persons,0,92
2009,SYR,TUR,Syrian Arab Republic,Türkiye,U,UNHCR,N,New,P,Persons,0,5
2009,SYR,TUR,Syrian Arab Republic,Türkiye,U,UNHCR,N,New,P,Persons,0,46
2009,SYR,TUR,Syrian Arab Republic,Türkiye,U,UNHCR,R,Repeat,P,Persons,0,5
2009,TJK,TUR,Tajikistan,Türkiye,U,UNHCR,N,New,P,Persons,0,22
2009,TKM,TUR,Turkmenistan,Türkiye,U,UNHCR,N,New,P,Persons,0,5
2009,UZB,TUR,Uzbekistan,Türkiye,U,UNHCR,N,New,P,Persons,0,38
2009,UZB,TUR,Uzbekistan,Türkiye,U,UNHCR,R,Repeat,P,Persons,0,14
2010,AFG,TUR,Afghanistan,Türkiye,U,UNHCR,A,Appeal,P,Persons,0,621
2010,AFG,TUR,Afghanistan,Türkiye,U,UNHCR,N,New,P,Persons,0,1248
2010,AFG,TUR,Afghanistan,Türkiye,U,UNHCR,R,Repeat,P,Persons,0,5
2010,DZA,TUR,Algeria,Türkiye,U,UNHCR,N,New,P,Persons,0,10
2010,EGY,TUR,Egypt,Türkiye,U,UNHCR,A,Appeal,P,Persons,0,7
2010,EGY,TUR,Egypt,Türkiye,U,UNHCR,N,New,P,Persons,0,5
2010,BGD,TUR,Bangladesh,Türkiye,U,UNHCR,N,New,P,Persons,0,14
2010,TCD,TUR,Chad,Türkiye,U,UNHCR,N,New,P,Persons,0,5
2010,CHN,TUR,China,Türkiye,U,UNHCR,N,New,P,Persons,0,11
2010,CMR,TUR,Cameroon,Türkiye,U,UNHCR,N,New,P,Persons,0,20
2010,COD,TUR,Democratic Republic of the Congo,Türkiye,U,UNHCR,A,Appeal,P,Persons,0,9
2010,COD,TUR,Democratic Republic of the Congo,Türkiye,U,UNHCR,N,New,P,Persons,0,66
2010,ERI,TUR,Eritrea,Türkiye,U,UNHCR,A,Appeal,P,Persons,0,9
2010,ERI,TUR,Eritrea,Türkiye,U,UNHCR,N,New,P,Persons,0,33
2010,ETH,TUR,Ethiopia,Türkiye,U,UNHCR,A,Appeal,P,Persons,0,20
2010,ETH,TUR,Ethiopia,Türkiye,U,UNHCR,N,New,P,Persons,0,39
2010,PSE,TUR,State of Palestine,Türkiye,U,UNHCR,A,Appeal,P,Persons,0,11
2010,PSE,TUR,State of Palestine,Türkiye,U,UNHCR,N,New,P,Persons,0,64
2010,GIN,TUR,Guinea,Türkiye,U,UNHCR,A,Appeal,P,Persons,0,17
2010,GIN,TUR,Guinea,Türkiye,U,UNHCR,N,New,P,Persons,0,21
2010,CIV,TUR,Côte d'Ivoire,Türkiye,U,UNHCR,A,Appeal,P,Persons,0,5
2010,CIV,TUR,Côte d'Ivoire,Türkiye,U,UNHCR,N,New,P,Persons,0,12
2010,IND,TUR,India,Türkiye,U,UNHCR,N,New,P,Persons,0,7
2010,IDN,TUR,Indonesia,Türkiye,U,UNHCR,N,New,P,Persons,0,5
2010,IRN,TUR,Iran (Islamic Republic of),Türkiye,U,UNHCR,A,Appeal,P,Persons,0,1198
2010,IRN,TUR,Iran (Islamic Republic of),Türkiye,U,UNHCR,N,New,P,Persons,0,2881
2010,IRN,TUR,Iran (Islamic Republic of),Türkiye,U,UNHCR,R,Repeat,P,Persons,0,45
2010,IRQ,TUR,Iraq,Türkiye,U,UNHCR,A,Appeal,P,Persons,0,200
2010,IRQ,TUR,Iraq,Türkiye,U,UNHCR,N,New,P,Persons,0,3656
2010,IRQ,TUR,Iraq,Türkiye,U,UNHCR,R,Repeat,P,Persons,0,7
2010,JOR,TUR,Jordan,Türkiye,U,UNHCR,A,Appeal,P,Persons,0,5
2010,JOR,TUR,Jordan,Türkiye,U,UNHCR,N,New,P,Persons,0,10
2010,KAZ,TUR,Kazakhstan,Türkiye,U,UNHCR,N,New,P,Persons,0,5
2010,KGZ,TUR,Kyrgyzstan,Türkiye,U,UNHCR,N,New,P,Persons,0,246
2010,LBY,TUR,Libya,Türkiye,U,UNHCR,N,New,P,Persons,0,5
2010,LKA,TUR,Sri Lanka,Türkiye,U,UNHCR,A,Appeal,P,Persons,0,5
2010,LKA,TUR,Sri Lanka,Türkiye,U,UNHCR,N,New,P,Persons,0,7
2010,MRT,TUR,Mauritania,Türkiye,U,UNHCR,N,New,P,Persons,0,5
2010,MAR,TUR,Morocco,Türkiye,U,UNHCR,A,Appeal,P,Persons,0,5
2010,MAR,TUR,Morocco,Türkiye,U,UNHCR,N,New,P,Persons,0,13
2010,MMR,TUR,Myanmar,Türkiye,U,UNHCR,A,Appeal,P,Persons,0,5
2010,MMR,TUR,Myanmar,Türkiye,U,UNHCR,N,New,P,Persons,0,33
2010,NPL,TUR,Nepal,Türkiye,U,UNHCR,N,New,P,Persons,0,5
2010,NGA,TUR,Nigeria,Türkiye,U,UNHCR,A,Appeal,P,Persons,0,8
2010,NGA,TUR,Nigeria,Türkiye,U,UNHCR,N,New,P,Persons,0,12
2010,PAK,TUR,Pakistan,Türkiye,U,UNHCR,A,Appeal,P,Persons,0,5
2010,PAK,TUR,Pakistan,Türkiye,U,UNHCR,N,New,P,Persons,0,42
2010,PHL,TUR,Philippines,Türkiye,U,UNHCR,N,New,P,Persons,0,5
2010,RUS,TUR,Russian Federation,Türkiye,U,UNHCR,N,New,P,Persons,0,5
2010,RWA,TUR,Rwanda,Türkiye,U,UNHCR,N,New,P,Persons,0,8
2010,SAU,TUR,Saudi Arabia,Türkiye,U,UNHCR,N,New,P,Persons,0,5
2010,SEN,TUR,Senegal,Türkiye,U,UNHCR,N,New,P,Persons,0,7
2010,SLE,TUR,Sierra Leone,Türkiye,U,UNHCR,A,Appeal,P,Persons,0,5
2010,SLE,TUR,Sierra Leone,Türkiye,U,UNHCR,N,New,P,Persons,0,10
2010,SOM,TUR,Somalia,Türkiye,U,UNHCR,A,Appeal,P,Persons,0,53
2010,SOM,TUR,Somalia,Türkiye,U,UNHCR,N,New,P,Persons,0,448
2010,SOM,TUR,Somalia,Türkiye,U,UNHCR,R,Repeat,P,Persons,0,10
2010,STA,TUR,Stateless,Türkiye,U,UNHCR,N,New,P,Persons,0,16
2010,STA,TUR,Stateless,Türkiye,U,UNHCR,R,Repeat,P,Persons,0,5
2010,SDN,TUR,Sudan,Türkiye,U,UNHCR,A,Appeal,P,Persons,0,34
2010,SDN,TUR,Sudan,Türkiye,U,UNHCR,N,New,P,Persons,0,48
2010,SYR,TUR,Syrian Arab Republic,Türkiye,U,UNHCR,A,Appeal,P,Persons,0,20
2010,SYR,TUR,Syrian Arab Republic,Türkiye,U,UNHCR,N,New,P,Persons,0,37
2010,TZA,TUR,United Republic of Tanzania,Türkiye,U,UNHCR,N,New,P,Persons,0,5
2010,TJK,TUR,Tajikistan,Türkiye,U,UNHCR,N,New,P,Persons,0,37
2010,TKM,TUR,Turkmenistan,Türkiye,U,UNHCR,N,New,P,Persons,0,8
2010,TGO,TUR,Togo,Türkiye,U,UNHCR,N,New,P,Persons,0,5
2010,UZB,TUR,Uzbekistan,Türkiye,U,UNHCR,N,New,P,Persons,0,101
2010,UZB,TUR,Uzbekistan,Türkiye,U,UNHCR,R,Repeat,P,Persons,0,5
2011,AFG,TUR,Afghanistan,Türkiye,U,UNHCR,A,Appeal,P,Persons,0,605
2011,AFG,TUR,Afghanistan,Türkiye,U,UNHCR,N,New,P,Persons,0,2486
2011,AFG,TUR,Afghanistan,Türkiye,U,UNHCR,R,Repeat,P,Persons,0,6
2011,DZA,TUR,Algeria,Türkiye,U,UNHCR,N,New,P,Persons,0,6
2011,EGY,TUR,Egypt,Türkiye,U,UNHCR,N,New,P,Persons,0,8
2011,EGY,TUR,Egypt,Türkiye,U,UNHCR,R,Repeat,P,Persons,0,5
2011,AZE,TUR,Azerbaijan,Türkiye,U,UNHCR,N,New,P,Persons,0,5
2011,BGD,TUR,Bangladesh,Türkiye,U,UNHCR,A,Appeal,P,Persons,0,6
2011,BGD,TUR,Bangladesh,Türkiye,U,UNHCR,N,New,P,Persons,0,5
2011,TCD,TUR,Chad,Türkiye,U,UNHCR,A,Appeal,P,Persons,0,5
2011,CHN,TUR,China,Türkiye,U,UNHCR,A,Appeal,P,Persons,0,5
2011,CHN,TUR,China,Türkiye,U,UNHCR,N,New,P,Persons,0,32
2011,CMR,TUR,Cameroon,Türkiye,U,UNHCR,N,New,P,Persons,0,57
2011,COG,TUR,Congo,Türkiye,U,UNHCR,N,New,P,Persons,0,5
2011,COD,TUR,Democratic Republic of the Congo,Türkiye,U,UNHCR,A,Appeal,P,Persons,0,15
2011,COD,TUR,Democratic Republic of the Congo,Türkiye,U,UNHCR,N,New,P,Persons,0,76
2011,ERI,TUR,Eritrea,Türkiye,U,UNHCR,A,Appeal,P,Persons,0,12
2011,ERI,TUR,Eritrea,Türkiye,U,UNHCR,N,New,P,Persons,0,27
2011,ETH,TUR,Ethiopia,Türkiye,U,UNHCR,A,Appeal,P,Persons,0,16
2011,ETH,TUR,Ethiopia,Türkiye,U,UNHCR,N,New,P,Persons,0,29
2011,PSE,TUR,State of Palestine,Türkiye,U,UNHCR,A,Appeal,P,Persons,0,7
2011,PSE,TUR,State of Palestine,Türkiye,U,UNHCR,N,New,P,Persons,0,157
2011,GHA,TUR,Ghana,Türkiye,U,UNHCR,N,New,P,Persons,0,6
2011,GIN,TUR,Guinea,Türkiye,U,UNHCR,A,Appeal,P,Persons,0,7
2011,GIN,TUR,Guinea,Türkiye,U,UNHCR,N,New,P,Persons,0,23
2011,CIV,TUR,Côte d'Ivoire,Türkiye,U,UNHCR,N,New,P,Persons,0,56
2011,IND,TUR,India,Türkiye,U,UNHCR,N,New,P,Persons,0,7
2011,IRN,TUR,Iran (Islamic Republic of),Türkiye,U,UNHCR,A,Appeal,P,Persons,0,846
2011,IRN,TUR,Iran (Islamic Republic of),Türkiye,U,UNHCR,N,New,P,Persons,0,3411
2011,IRN,TUR,Iran (Islamic Republic of),Türkiye,U,UNHCR,R,Repeat,P,Persons,0,61
2011,IRQ,TUR,Iraq,Türkiye,U,UNHCR,A,Appeal,P,Persons,0,98
2011,IRQ,TUR,Iraq,Türkiye,U,UNHCR,N,New,P,Persons,0,7912
2011,JOR,TUR,Jordan,Türkiye,U,UNHCR,N,New,P,Persons,0,9
2011,KAZ,TUR,Kazakhstan,Türkiye,U,UNHCR,N,New,P,Persons,0,19
2011,KEN,TUR,Kenya,Türkiye,U,UNHCR,N,New,P,Persons,0,6
2011,KGZ,TUR,Kyrgyzstan,Türkiye,U,UNHCR,N,New,P,Persons,0,169
2011,LBR,TUR,Liberia,Türkiye,U,UNHCR,A,Appeal,P,Persons,0,5
2011,LBR,TUR,Liberia,Türkiye,U,UNHCR,N,New,P,Persons,0,5
2011,LBY,TUR,Libya,Türkiye,U,UNHCR,N,New,P,Persons,0,20
2011,LBN,TUR,Lebanon,Türkiye,U,UNHCR,N,New,P,Persons,0,9
2011,LKA,TUR,Sri Lanka,Türkiye,U,UNHCR,A,Appeal,P,Persons,0,5
2011,LKA,TUR,Sri Lanka,Türkiye,U,UNHCR,N,New,P,Persons,0,5
2011,MRT,TUR,Mauritania,Türkiye,U,UNHCR,N,New,P,Persons,0,5
2011,MAR,TUR,Morocco,Türkiye,U,UNHCR,A,Appeal,P,Persons,0,5
2011,MAR,TUR,Morocco,Türkiye,U,UNHCR,N,New,P,Persons,0,23
2011,MAR,TUR,Morocco,Türkiye,U,UNHCR,R,Repeat,P,Persons,0,8
2011,MMR,TUR,Myanmar,Türkiye,U,UNHCR,N,New,P,Persons,0,7
2011,NPL,TUR,Nepal,Türkiye,U,UNHCR,N,New,P,Persons,0,7
2011,NGA,TUR,Nigeria,Türkiye,U,UNHCR,A,Appeal,P,Persons,0,5
2011,NGA,TUR,Nigeria,Türkiye,U,UNHCR,N,New,P,Persons,0,23
2011,PAK,TUR,Pakistan,Türkiye,U,UNHCR,A,Appeal,P,Persons,0,9
2011,PAK,TUR,Pakistan,Türkiye,U,UNHCR,N,New,P,Persons,0,29
2011,RWA,TUR,Rwanda,Türkiye,U,UNHCR,N,New,P,Persons,0,15
2011,SAU,TUR,Saudi Arabia,Türkiye,U,UNHCR,N,New,P,Persons,0,5
2011,SEN,TUR,Senegal,Türkiye,U,UNHCR,N,New,P,Persons,0,12
2011,SLE,TUR,Sierra Leone,Türkiye,U,UNHCR,A,Appeal,P,Persons,0,6
2011,SLE,TUR,Sierra Leone,Türkiye,U,UNHCR,N,New,P,Persons,0,11
2011,SOM,TUR,Somalia,Türkiye,U,UNHCR,A,Appeal,P,Persons,0,34
2011,SOM,TUR,Somalia,Türkiye,U,UNHCR,N,New,P,Persons,0,744
2011,STA,TUR,Stateless,Türkiye,U,UNHCR,N,New,P,Persons,0,22
2011,SDN,TUR,Sudan,Türkiye,U,UNHCR,A,Appeal,P,Persons,0,19
2011,SDN,TUR,Sudan,Türkiye,U,UNHCR,N,New,P,Persons,0,43
2011,SYR,TUR,Syrian Arab Republic,Türkiye,U,UNHCR,A,Appeal,P,Persons,0,13
2011,SYR,TUR,Syrian Arab Republic,Türkiye,U,UNHCR,N,New,P,Persons,0,188
2011,SYR,TUR,Syrian Arab Republic,Türkiye,U,UNHCR,R,Repeat,P,Persons,0,7
2011,TJK,TUR,Tajikistan,Türkiye,U,UNHCR,N,New,P,Persons,0,27
2011,TKM,TUR,Turkmenistan,Türkiye,U,UNHCR,N,New,P,Persons,0,14
2011,TUN,TUR,Tunisia,Türkiye,U,UNHCR,N,New,P,Persons,0,13
2011,UGA,TUR,Uganda,Türkiye,U,UNHCR,N,New,P,Persons,0,48
2011,UZB,TUR,Uzbekistan,Türkiye,U,UNHCR,A,Appeal,P,Persons,0,5
2011,UZB,TUR,Uzbekistan,Türkiye,U,UNHCR,N,New,P,Persons,0,147
2011,YEM,TUR,Yemen,Türkiye,U,UNHCR,N,New,P,Persons,0,72
2012,AFG,TUR,Afghanistan,Türkiye,U,UNHCR,A,Appeal,P,Persons,0,232
2012,AFG,TUR,Afghanistan,Türkiye,U,UNHCR,N,New,P,Persons,0,14146
2012,DZA,TUR,Algeria,Türkiye,U,UNHCR,N,New,P,Persons,0,5
2012,EGY,TUR,Egypt,Türkiye,U,UNHCR,N,New,P,Persons,0,20
2012,BGD,TUR,Bangladesh,Türkiye,U,UNHCR,N,New,P,Persons,0,16
2012,BGD,TUR,Bangladesh,Türkiye,U,UNHCR,R,Repeat,P,Persons,0,5
2012,CHN,TUR,China,Türkiye,U,UNHCR,N,New,P,Persons,0,5
2012,CMR,TUR,Cameroon,Türkiye,U,UNHCR,N,New,P,Persons,0,31
2012,COG,TUR,Congo,Türkiye,U,UNHCR,N,New,P,Persons,0,5
2012,COD,TUR,Democratic Republic of the Congo,Türkiye,U,UNHCR,A,Appeal,P,Persons,0,8
2012,COD,TUR,Democratic Republic of the Congo,Türkiye,U,UNHCR,N,New,P,Persons,0,77
2012,ERI,TUR,Eritrea,Türkiye,U,UNHCR,N,New,P,Persons,0,27
2012,ETH,TUR,Ethiopia,Türkiye,U,UNHCR,N,New,P,Persons,0,51
2012,ETH,TUR,Ethiopia,Türkiye,U,UNHCR,R,Repeat,P,Persons,0,5
2012,PSE,TUR,State of Palestine,Türkiye,U,UNHCR,A,Appeal,P,Persons,0,11
2012,PSE,TUR,State of Palestine,Türkiye,U,UNHCR,N,New,P,Persons,0,236
2012,GHA,TUR,Ghana,Türkiye,U,UNHCR,N,New,P,Persons,0,5
2012,GIN,TUR,Guinea,Türkiye,U,UNHCR,N,New,P,Persons,0,6
2012,CIV,TUR,Côte d'Ivoire,Türkiye,U,UNHCR,N,New,P,Persons,0,21
2012,IRN,TUR,Iran (Islamic Republic of),Türkiye,U,UNHCR,A,Appeal,P,Persons,0,219
2012,IRN,TUR,Iran (Islamic Republic of),Türkiye,U,UNHCR,N,New,P,Persons,0,3589
2012,IRN,TUR,Iran (Islamic Republic of),Türkiye,U,UNHCR,R,Repeat,P,Persons,0,33
2012,IRQ,TUR,Iraq,Türkiye,U,UNHCR,A,Appeal,P,Persons,0,49
2012,IRQ,TUR,Iraq,Türkiye,U,UNHCR,N,New,P,Persons,0,6942
2012,JOR,TUR,Jordan,Türkiye,U,UNHCR,N,New,P,Persons,0,10
2012,KAZ,TUR,Kazakhstan,Türkiye,U,UNHCR,A,Appeal,P,Persons,0,6
2012,KAZ,TUR,Kazakhstan,Türkiye,U,UNHCR,N,New,P,Persons,0,7
2012,KAZ,TUR,Kazakhstan,Türkiye,U,UNHCR,R,Repeat,P,Persons,0,5
2012,KEN,TUR,Kenya,Türkiye,U,UNHCR,N,New,P,Persons,0,7
2012,KGZ,TUR,Kyrgyzstan,Türkiye,U,UNHCR,A,Appeal,P,Persons,0,5
2012,KGZ,TUR,Kyrgyzstan,Türkiye,U,UNHCR,N,New,P,Persons,0,32
2012,LBR,TUR,Liberia,Türkiye,U,UNHCR,N,New,P,Persons,0,5
2012,LBY,TUR,Libya,Türkiye,U,UNHCR,N,New,P,Persons,0,8
2012,LBN,TUR,Lebanon,Türkiye,U,UNHCR,N,New,P,Persons,0,7
2012,MRT,TUR,Mauritania,Türkiye,U,UNHCR,N,New,P,Persons,0,5
2012,MAR,TUR,Morocco,Türkiye,U,UNHCR,A,Appeal,P,Persons,0,10
2012,MAR,TUR,Morocco,Türkiye,U,UNHCR,N,New,P,Persons,0,16
2012,MAR,TUR,Morocco,Türkiye,U,UNHCR,R,Repeat,P,Persons,0,9
2012,MMR,TUR,Myanmar,Türkiye,U,UNHCR,N,New,P,Persons,0,5
2012,NGA,TUR,Nigeria,Türkiye,U,UNHCR,A,Appeal,P,Persons,0,5
2012,NGA,TUR,Nigeria,Türkiye,U,UNHCR,N,New,P,Persons,0,29
2012,PAK,TUR,Pakistan,Türkiye,U,UNHCR,A,Appeal,P,Persons,0,12
2012,PAK,TUR,Pakistan,Türkiye,U,UNHCR,N,New,P,Persons,0,24
2012,SAU,TUR,Saudi Arabia,Türkiye,U,UNHCR,N,New,P,Persons,0,6
2012,SEN,TUR,Senegal,Türkiye,U,UNHCR,N,New,P,Persons,0,46
2012,SLE,TUR,Sierra Leone,Türkiye,U,UNHCR,N,New,P,Persons,0,7
2012,SOM,TUR,Somalia,Türkiye,U,UNHCR,A,Appeal,P,Persons,0,40
2012,SOM,TUR,Somalia,Türkiye,U,UNHCR,N,New,P,Persons,0,776
2012,SOM,TUR,Somalia,Türkiye,U,UNHCR,R,Repeat,P,Persons,0,6
2012,STA,TUR,Stateless,Türkiye,U,UNHCR,N,New,P,Persons,0,13
2012,STA,TUR,Stateless,Türkiye,U,UNHCR,R,Repeat,P,Persons,0,11
2012,SDN,TUR,Sudan,Türkiye,U,UNHCR,A,Appeal,P,Persons,0,17
2012,SDN,TUR,Sudan,Türkiye,U,UNHCR,N,New,P,Persons,0,38
2012,SYR,TUR,Syrian Arab Republic,Türkiye,U,UNHCR,N,New,P,Persons,0,24
2012,SYR,TUR,Syrian Arab Republic,Türkiye,U,UNHCR,R,Repeat,P,Persons,0,16
2012,TJK,TUR,Tajikistan,Türkiye,U,UNHCR,N,New,P,Persons,0,14
2012,TKM,TUR,Turkmenistan,Türkiye,U,UNHCR,A,Appeal,P,Persons,0,7
2012,TKM,TUR,Turkmenistan,Türkiye,U,UNHCR,N,New,P,Persons,0,44
2012,TUN,TUR,Tunisia,Türkiye,U,UNHCR,A,Appeal,P,Persons,0,5
2012,TUN,TUR,Tunisia,Türkiye,U,UNHCR,N,New,P,Persons,0,5
2012,UGA,TUR,Uganda,Türkiye,U,UNHCR,N,New,P,Persons,0,13
2012,UZB,TUR,Uzbekistan,Türkiye,U,UNHCR,A,Appeal,P,Persons,0,70
2012,UZB,TUR,Uzbekistan,Türkiye,U,UNHCR,N,New,P,Persons,0,76
2012,UZB,TUR,Uzbekistan,Türkiye,U,UNHCR,R,Repeat,P,Persons,0,14
2012,YEM,TUR,Yemen,Türkiye,U,UNHCR,N,New,P,Persons,0,58
2012,YEM,TUR,Yemen,Türkiye,U,UNHCR,R,Repeat,P,Persons,0,5
2013,AFG,TUR,Afghanistan,Türkiye,U,UNHCR,A,Appeal,P,Persons,0,399
2013,AFG,TUR,Afghanistan,Türkiye,U,UNHCR,N,New,P,Persons,0,8726
2013,AFG,TUR,Afghanistan,Türkiye,U,UNHCR,R,Repeat,P,Persons,0,5
2013,DZA,TUR,Algeria,Türkiye,U,UNHCR,N,New,P,Persons,0,13
2013,AGO,TUR,Angola,Türkiye,U,UNHCR,N,New,P,Persons,0,5
2013,EGY,TUR,Egypt,Türkiye,U,UNHCR,A,Appeal,P,Persons,0,5
2013,EGY,TUR,Egypt,Türkiye,U,UNHCR,N,New,P,Persons,0,86
2013,BGD,TUR,Bangladesh,Türkiye,U,UNHCR,A,Appeal,P,Persons,0,9
2013,BGD,TUR,Bangladesh,Türkiye,U,UNHCR,N,New,P,Persons,0,148
2013,CAF,TUR,Central African Republic,Türkiye,U,UNHCR,N,New,P,Persons,0,18
2013,CHN,TUR,China,Türkiye,U,UNHCR,N,New,P,Persons,0,16
2013,CMR,TUR,Cameroon,Türkiye,U,UNHCR,A,Appeal,P,Persons,0,5
2013,CMR,TUR,Cameroon,Türkiye,U,UNHCR,N,New,P,Persons,0,141
2013,COG,TUR,Congo,Türkiye,U,UNHCR,N,New,P,Persons,0,44
2013,COD,TUR,Democratic Republic of the Congo,Türkiye,U,UNHCR,A,Appeal,P,Persons,0,7
2013,COD,TUR,Democratic Republic of the Congo,Türkiye,U,UNHCR,N,New,P,Persons,0,114
2013,ERI,TUR,Eritrea,Türkiye,U,UNHCR,A,Appeal,P,Persons,0,12
2013,ERI,TUR,Eritrea,Türkiye,U,UNHCR,N,New,P,Persons,0,76
2013,ETH,TUR,Ethiopia,Türkiye,U,UNHCR,A,Appeal,P,Persons,0,5
2013,ETH,TUR,Ethiopia,Türkiye,U,UNHCR,N,New,P,Persons,0,100
2013,GAB,TUR,Gabon,Türkiye,U,UNHCR,N,New,P,Persons,0,5
2013,GMB,TUR,Gambia,Türkiye,U,UNHCR,N,New,P,Persons,0,5
2013,PSE,TUR,State of Palestine,Türkiye,U,UNHCR,A,Appeal,P,Persons,0,12
2013,PSE,TUR,State of Palestine,Türkiye,U,UNHCR,N,New,P,Persons,0,686
2013,GHA,TUR,Ghana,Türkiye,U,UNHCR,N,New,P,Persons,0,37
2013,GIN,TUR,Guinea,Türkiye,U,UNHCR,N,New,P,Persons,0,9
2013,CIV,TUR,Côte d'Ivoire,Türkiye,U,UNHCR,N,New,P,Persons,0,70
2013,IND,TUR,India,Türkiye,U,UNHCR,N,New,P,Persons,0,6
2013,IRN,TUR,Iran (Islamic Republic of),Türkiye,U,UNHCR,A,Appeal,P,Persons,0,877
2013,IRN,TUR,Iran (Islamic Republic of),Türkiye,U,UNHCR,N,New,P,Persons,0,5897
2013,IRN,TUR,Iran (Islamic Republic of),Türkiye,U,UNHCR,R,Repeat,P,Persons,0,39
2013,IRQ,TUR,Iraq,Türkiye,U,UNHCR,A,Appeal,P,Persons,0,106
2013,IRQ,TUR,Iraq,Türkiye,U,UNHCR,N,New,P,Persons,0,25280
2013,IRQ,TUR,Iraq,Türkiye,U,UNHCR,R,Repeat,P,Persons,0,20
2013,JOR,TUR,Jordan,Türkiye,U,UNHCR,N,New,P,Persons,0,24
2013,KAZ,TUR,Kazakhstan,Türkiye,U,UNHCR,A,Appeal,P,Persons,0,10
2013,KAZ,TUR,Kazakhstan,Türkiye,U,UNHCR,N,New,P,Persons,0,6
2013,KEN,TUR,Kenya,Türkiye,U,UNHCR,N,New,P,Persons,0,5
2013,KGZ,TUR,Kyrgyzstan,Türkiye,U,UNHCR,A,Appeal,P,Persons,0,33
2013,KGZ,TUR,Kyrgyzstan,Türkiye,U,UNHCR,N,New,P,Persons,0,26
2013,LBY,TUR,Libya,Türkiye,U,UNHCR,A,Appeal,P,Persons,0,11
2013,LBY,TUR,Libya,Türkiye,U,UNHCR,N,New,P,Persons,0,14
2013,LBN,TUR,Lebanon,Türkiye,U,UNHCR,N,New,P,Persons,0,19
2013,LKA,TUR,Sri Lanka,Türkiye,U,UNHCR,N,New,P,Persons,0,9
2013,MRT,TUR,Mauritania,Türkiye,U,UNHCR,N,New,P,Persons,0,5
2013,MLI,TUR,Mali,Türkiye,U,UNHCR,N,New,P,Persons,0,79
2013,MNG,TUR,Mongolia,Türkiye,U,UNHCR,N,New,P,Persons,0,35
2013,MAR,TUR,Morocco,Türkiye,U,UNHCR,A,Appeal,P,Persons,0,7
2013,MAR,TUR,Morocco,Türkiye,U,UNHCR,N,New,P,Persons,0,43
2013,MMR,TUR,Myanmar,Türkiye,U,UNHCR,N,New,P,Persons,0,12
2013,NPL,TUR,Nepal,Türkiye,U,UNHCR,N,New,P,Persons,0,11
2013,NER,TUR,Niger,Türkiye,U,UNHCR,N,New,P,Persons,0,9
2013,NGA,TUR,Nigeria,Türkiye,U,UNHCR,A,Appeal,P,Persons,0,10
2013,NGA,TUR,Nigeria,Türkiye,U,UNHCR,N,New,P,Persons,0,84
2013,PAK,TUR,Pakistan,Türkiye,U,UNHCR,A,Appeal,P,Persons,0,8
2013,PAK,TUR,Pakistan,Türkiye,U,UNHCR,N,New,P,Persons,0,528
2013,PAK,TUR,Pakistan,Türkiye,U,UNHCR,R,Repeat,P,Persons,0,5
2013,PHL,TUR,Philippines,Türkiye,U,UNHCR,N,New,P,Persons,0,6
2013,SAU,TUR,Saudi Arabia,Türkiye,U,UNHCR,N,New,P,Persons,0,5
2013,SEN,TUR,Senegal,Türkiye,U,UNHCR,A,Appeal,P,Persons,0,12
2013,SEN,TUR,Senegal,Türkiye,U,UNHCR,N,New,P,Persons,0,25
2013,SLE,TUR,Sierra Leone,Türkiye,U,UNHCR,N,New,P,Persons,0,11
2013,SOM,TUR,Somalia,Türkiye,U,UNHCR,A,Appeal,P,Persons,0,26
2013,SOM,TUR,Somalia,Türkiye,U,UNHCR,N,New,P,Persons,0,1276
2013,SOM,TUR,Somalia,Türkiye,U,UNHCR,R,Repeat,P,Persons,0,18
2013,SDN,TUR,Sudan,Türkiye,U,UNHCR,A,Appeal,P,Persons,0,6
2013,SDN,TUR,Sudan,Türkiye,U,UNHCR,N,New,P,Persons,0,205
2013,SYR,TUR,Syrian Arab Republic,Türkiye,U,UNHCR,A,Appeal,P,Persons,0,15
2013,SYR,TUR,Syrian Arab Republic,Türkiye,U,UNHCR,N,New,P,Persons,0,108
2013,TJK,TUR,Tajikistan,Türkiye,U,UNHCR,A,Appeal,P,Persons,0,19
2013,TJK,TUR,Tajikistan,Türkiye,U,UNHCR,N,New,P,Persons,0,50
2013,TKM,TUR,Turkmenistan,Türkiye,U,UNHCR,A,Appeal,P,Persons,0,17
2013,TKM,TUR,Turkmenistan,Türkiye,U,UNHCR,N,New,P,Persons,0,103
2013,TGO,TUR,Togo,Türkiye,U,UNHCR,N,New,P,Persons,0,8
2013,TUN,TUR,Tunisia,Türkiye,U,UNHCR,A,Appeal,P,Persons,0,5
2013,TUN,TUR,Tunisia,Türkiye,U,UNHCR,N,New,P,Persons,0,11
2013,ARE,TUR,United Arab Emirates,Türkiye,U,UNHCR,N,New,P,Persons,0,5
2013,UGA,TUR,Uganda,Türkiye,U,UNHCR,A,Appeal,P,Persons,0,5
2013,UGA,TUR,Uganda,Türkiye,U,UNHCR,N,New,P,Persons,0,218
2013,UZB,TUR,Uzbekistan,Türkiye,U,UNHCR,A,Appeal,P,Persons,0,68
2013,UZB,TUR,Uzbekistan,Türkiye,U,UNHCR,N,New,P,Persons,0,181
2013,YEM,TUR,Yemen,Türkiye,U,UNHCR,A,Appeal,P,Persons,0,23
2013,YEM,TUR,Yemen,Türkiye,U,UNHCR,N,New,P,Persons,0,192
2014,AFG,TUR,Afghanistan,Türkiye,U,UNHCR,A,Appeal,P,Persons,0,106
2014,AFG,TUR,Afghanistan,Türkiye,U,UNHCR,N,New,P,Persons,0,15652
2014,AFG,TUR,Afghanistan,Türkiye,U,UNHCR,R,Repeat,P,Persons,0,15
2014,DZA,TUR,Algeria,Türkiye,U,UNHCR,N,New,P,Persons,0,11
2014,AGO,TUR,Angola,Türkiye,U,UNHCR,N,New,P,Persons,0,10
2014,EGY,TUR,Egypt,Türkiye,U,UNHCR,A,Appeal,P,Persons,0,5
2014,EGY,TUR,Egypt,Türkiye,U,UNHCR,N,New,P,Persons,0,85
2014,AZE,TUR,Azerbaijan,Türkiye,U,UNHCR,N,New,P,Persons,0,5
2014,BGD,TUR,Bangladesh,Türkiye,U,UNHCR,N,New,P,Persons,0,116
2014,BFA,TUR,Burkina Faso,Türkiye,U,UNHCR,N,New,P,Persons,0,5
2014,CAF,TUR,Central African Republic,Türkiye,U,UNHCR,N,New,P,Persons,0,10
2014,CHN,TUR,China,Türkiye,U,UNHCR,N,New,P,Persons,0,39
2014,CMR,TUR,Cameroon,Türkiye,U,UNHCR,A,Appeal,P,Persons,0,6
2014,CMR,TUR,Cameroon,Türkiye,U,UNHCR,N,New,P,Persons,0,38
2014,COG,TUR,Congo,Türkiye,U,UNHCR,A,Appeal,P,Persons,0,7
2014,COG,TUR,Congo,Türkiye,U,UNHCR,N,New,P,Persons,0,242
2014,COD,TUR,Democratic Republic of the Congo,Türkiye,U,UNHCR,A,Appeal,P,Persons,0,11
2014,COD,TUR,Democratic Republic of the Congo,Türkiye,U,UNHCR,N,New,P,Persons,0,191
2014,DJI,TUR,Djibouti,Türkiye,U,UNHCR,N,New,P,Persons,0,5
2014,ERI,TUR,Eritrea,Türkiye,U,UNHCR,N,New,P,Persons,0,102
2014,ETH,TUR,Ethiopia,Türkiye,U,UNHCR,N,New,P,Persons,0,105
2014,GAB,TUR,Gabon,Türkiye,U,UNHCR,N,New,P,Persons,0,5
2014,PSE,TUR,State of Palestine,Türkiye,U,UNHCR,N,New,P,Persons,0,367
2014,GHA,TUR,Ghana,Türkiye,U,UNHCR,N,New,P,Persons,0,17
2014,GIN,TUR,Guinea,Türkiye,U,UNHCR,N,New,P,Persons,0,11
2014,CIV,TUR,Côte d'Ivoire,Türkiye,U,UNHCR,A,Appeal,P,Persons,0,6
2014,CIV,TUR,Côte d'Ivoire,Türkiye,U,UNHCR,N,New,P,Persons,0,24
2014,IND,TUR,India,Türkiye,U,UNHCR,N,New,P,Persons,0,10
2014,IRN,TUR,Iran (Islamic Republic of),Türkiye,U,UNHCR,A,Appeal,P,Persons,0,768
2014,IRN,TUR,Iran (Islamic Republic of),Türkiye,U,UNHCR,N,New,P,Persons,0,8202
2014,IRN,TUR,Iran (Islamic Republic of),Türkiye,U,UNHCR,R,Repeat,P,Persons,0,51
2014,IRQ,TUR,Iraq,Türkiye,U,UNHCR,A,Appeal,P,Persons,0,23
2014,IRQ,TUR,Iraq,Türkiye,U,UNHCR,N,New,P,Persons,0,50510
2014,IRQ,TUR,Iraq,Türkiye,U,UNHCR,R,Repeat,P,Persons,0,5
2014,JOR,TUR,Jordan,Türkiye,U,UNHCR,N,New,P,Persons,0,26
2014,KAZ,TUR,Kazakhstan,Türkiye,U,UNHCR,N,New,P,Persons,0,38
2014,KEN,TUR,Kenya,Türkiye,U,UNHCR,N,New,P,Persons,0,12
2014,KGZ,TUR,Kyrgyzstan,Türkiye,U,UNHCR,N,New,P,Persons,0,35
2014,LBY,TUR,Libya,Türkiye,U,UNHCR,N,New,P,Persons,0,27
2014,LBN,TUR,Lebanon,Türkiye,U,UNHCR,N,New,P,Persons,0,23
2014,LKA,TUR,Sri Lanka,Türkiye,U,UNHCR,N,New,P,Persons,0,5
2014,MLI,TUR,Mali,Türkiye,U,UNHCR,N,New,P,Persons,0,9
2014,MNG,TUR,Mongolia,Türkiye,U,UNHCR,N,New,P,Persons,0,63
2014,MAR,TUR,Morocco,Türkiye,U,UNHCR,A,Appeal,P,Persons,0,8
2014,MAR,TUR,Morocco,Türkiye,U,UNHCR,N,New,P,Persons,0,29
2014,MMR,TUR,Myanmar,Türkiye,U,UNHCR,N,New,P,Persons,0,14
2014,NPL,TUR,Nepal,Türkiye,U,UNHCR,N,New,P,Persons,0,5
2014,NGA,TUR,Nigeria,Türkiye,U,UNHCR,A,Appeal,P,Persons,0,5
2014,NGA,TUR,Nigeria,Türkiye,U,UNHCR,N,New,P,Persons,0,75
2014,PAK,TUR,Pakistan,Türkiye,U,UNHCR,N,New,P,Persons,0,1597
2014,RWA,TUR,Rwanda,Türkiye,U,UNHCR,N,New,P,Persons,0,7
2014,SAU,TUR,Saudi Arabia,Türkiye,U,UNHCR,N,New,P,Persons,0,6
2014,SEN,TUR,Senegal,Türkiye,U,UNHCR,N,New,P,Persons,0,28
2014,SLE,TUR,Sierra Leone,Türkiye,U,UNHCR,N,New,P,Persons,0,13
2014,SOM,TUR,Somalia,Türkiye,U,UNHCR,A,Appeal,P,Persons,0,11
2014,SOM,TUR,Somalia,Türkiye,U,UNHCR,N,New,P,Persons,0,642
2014,STA,TUR,Stateless,Türkiye,U,UNHCR,N,New,P,Persons,0,54
2014,SDN,TUR,Sudan,Türkiye,U,UNHCR,A,Appeal,P,Persons,0,10
2014,SDN,TUR,Sudan,Türkiye,U,UNHCR,N,New,P,Persons,0,77
2014,SDN,TUR,Sudan,Türkiye,U,UNHCR,R,Repeat,P,Persons,0,5
2014,SYR,TUR,Syrian Arab Republic,Türkiye,U,UNHCR,A,Appeal,P,Persons,0,5
2014,SYR,TUR,Syrian Arab Republic,Türkiye,U,UNHCR,N,New,P,Persons,0,8366
2014,TJK,TUR,Tajikistan,Türkiye,U,UNHCR,N,New,P,Persons,0,62
2014,TKM,TUR,Turkmenistan,Türkiye,U,UNHCR,A,Appeal,P,Persons,0,6
2014,TKM,TUR,Turkmenistan,Türkiye,U,UNHCR,N,New,P,Persons,0,146
2014,TUN,TUR,Tunisia,Türkiye,U,UNHCR,N,New,P,Persons,0,10
2014,ARE,TUR,United Arab Emirates,Türkiye,U,UNHCR,N,New,P,Persons,0,7
2014,UGA,TUR,Uganda,Türkiye,U,UNHCR,A,Appeal,P,Persons,0,12
2014,UGA,TUR,Uganda,Türkiye,U,UNHCR,N,New,P,Persons,0,362
2014,UZB,TUR,Uzbekistan,Türkiye,U,UNHCR,A,Appeal,P,Persons,0,5
2014,UZB,TUR,Uzbekistan,Türkiye,U,UNHCR,N,New,P,Persons,0,162
2014,YEM,TUR,Yemen,Türkiye,U,UNHCR,A,Appeal,P,Persons,0,14
2014,YEM,TUR,Yemen,Türkiye,U,UNHCR,N,New,P,Persons,0,134
2014,ZWE,TUR,Zimbabwe,Türkiye,U,UNHCR,N,New,P,Persons,0,5
2015,AFG,TUR,Afghanistan,Türkiye,U,UNHCR,N,New,P,Persons,0,63443
2015,AFG,TUR,Afghanistan,Türkiye,U,UNHCR,R,Repeat,P,Persons,0,51
2015,DZA,TUR,Algeria,Türkiye,U,UNHCR,A,Appeal,P,Persons,0,5
2015,DZA,TUR,Algeria,Türkiye,U,UNHCR,N,New,P,Persons,0,9
2015,EGY,TUR,Egypt,Türkiye,U,UNHCR,A,Appeal,P,Persons,0,5
2015,EGY,TUR,Egypt,Türkiye,U,UNHCR,N,New,P,Persons,0,81
2015,BDI,TUR,Burundi,Türkiye,U,UNHCR,N,New,P,Persons,0,9
2015,BGD,TUR,Bangladesh,Türkiye,U,UNHCR,N,New,P,Persons,0,52
2015,CAF,TUR,Central African Republic,Türkiye,U,UNHCR,N,New,P,Persons,0,10
2015,CHN,TUR,China,Türkiye,U,UNHCR,N,New,P,Persons,0,10
2015,CMR,TUR,Cameroon,Türkiye,U,UNHCR,A,Appeal,P,Persons,0,7
2015,CMR,TUR,Cameroon,Türkiye,U,UNHCR,N,New,P,Persons,0,38
2015,COG,TUR,Congo,Türkiye,U,UNHCR,A,Appeal,P,Persons,0,5
2015,COG,TUR,Congo,Türkiye,U,UNHCR,N,New,P,Persons,0,45
2015,COD,TUR,Democratic Republic of the Congo,Türkiye,U,UNHCR,A,Appeal,P,Persons,0,9
2015,COD,TUR,Democratic Republic of the Congo,Türkiye,U,UNHCR,N,New,P,Persons,0,36
2015,DOM,TUR,Dominican Republic,Türkiye,U,UNHCR,N,New,P,Persons,0,5
2015,ERI,TUR,Eritrea,Türkiye,U,UNHCR,N,New,P,Persons,0,65
2015,ERI,TUR,Eritrea,Türkiye,U,UNHCR,R,Repeat,P,Persons,0,5
2015,ETH,TUR,Ethiopia,Türkiye,U,UNHCR,N,New,P,Persons,0,70
2015,GAB,TUR,Gabon,Türkiye,U,UNHCR,N,New,P,Persons,0,5
2015,PSE,TUR,State of Palestine,Türkiye,U,UNHCR,N,New,P,Persons,0,416
2015,GIN,TUR,Guinea,Türkiye,U,UNHCR,N,New,P,Persons,0,5
2015,CIV,TUR,Côte d'Ivoire,Türkiye,U,UNHCR,A,Appeal,P,Persons,0,6
2015,CIV,TUR,Côte d'Ivoire,Türkiye,U,UNHCR,N,New,P,Persons,0,7
2015,IRN,TUR,Iran (Islamic Republic of),Türkiye,U,UNHCR,A,Appeal,P,Persons,0,661
2015,IRN,TUR,Iran (Islamic Republic of),Türkiye,U,UNHCR,N,New,P,Persons,0,11383
2015,IRN,TUR,Iran (Islamic Republic of),Türkiye,U,UNHCR,R,Repeat,P,Persons,0,213
2015,IRQ,TUR,Iraq,Türkiye,U,UNHCR,A,Appeal,P,Persons,0,18
2015,IRQ,TUR,Iraq,Türkiye,U,UNHCR,N,New,P,Persons,0,55574
2015,IRQ,TUR,Iraq,Türkiye,U,UNHCR,R,Repeat,P,Persons,0,408
2015,JOR,TUR,Jordan,Türkiye,U,UNHCR,N,New,P,Persons,0,27
2015,KAZ,TUR,Kazakhstan,Türkiye,U,UNHCR,N,New,P,Persons,0,17
2015,KGZ,TUR,Kyrgyzstan,Türkiye,U,UNHCR,A,Appeal,P,Persons,0,7
2015,KGZ,TUR,Kyrgyzstan,Türkiye,U,UNHCR,N,New,P,Persons,0,48
2015,KWT,TUR,Kuwait,Türkiye,U,UNHCR,N,New,P,Persons,0,6
2015,LBY,TUR,Libya,Türkiye,U,UNHCR,A,Appeal,P,Persons,0,5
2015,LBY,TUR,Libya,Türkiye,U,UNHCR,N,New,P,Persons,0,22
2015,LBN,TUR,Lebanon,Türkiye,U,UNHCR,A,Appeal,P,Persons,0,6
2015,LBN,TUR,Lebanon,Türkiye,U,UNHCR,N,New,P,Persons,0,8
2015,MLI,TUR,Mali,Türkiye,U,UNHCR,N,New,P,Persons,0,10
2015,MNG,TUR,Mongolia,Türkiye,U,UNHCR,N,New,P,Persons,0,13
2015,MAR,TUR,Morocco,Türkiye,U,UNHCR,A,Appeal,P,Persons,0,6
2015,MAR,TUR,Morocco,Türkiye,U,UNHCR,N,New,P,Persons,0,24
2015,NGA,TUR,Nigeria,Türkiye,U,UNHCR,A,Appeal,P,Persons,0,10
2015,NGA,TUR,Nigeria,Türkiye,U,UNHCR,N,New,P,Persons,0,32
2015,PAK,TUR,Pakistan,Türkiye,U,UNHCR,A,Appeal,P,Persons,0,19
2015,PAK,TUR,Pakistan,Türkiye,U,UNHCR,N,New,P,Persons,0,434
2015,PHL,TUR,Philippines,Türkiye,U,UNHCR,N,New,P,Persons,0,5
2015,SEN,TUR,Senegal,Türkiye,U,UNHCR,N,New,P,Persons,0,9
2015,SLE,TUR,Sierra Leone,Türkiye,U,UNHCR,N,New,P,Persons,0,7
2015,SOM,TUR,Somalia,Türkiye,U,UNHCR,A,Appeal,P,Persons,0,5
2015,SOM,TUR,Somalia,Türkiye,U,UNHCR,N,New,P,Persons,0,638
2015,SOM,TUR,Somalia,Türkiye,U,UNHCR,R,Repeat,P,Persons,0,7
2015,STA,TUR,Stateless,Türkiye,U,UNHCR,N,New,P,Persons,0,5
2015,SDN,TUR,Sudan,Türkiye,U,UNHCR,N,New,P,Persons,0,50
2015,TJK,TUR,Tajikistan,Türkiye,U,UNHCR,N,New,P,Persons,0,92
2015,TKM,TUR,Turkmenistan,Türkiye,U,UNHCR,N,New,P,Persons,0,152
2015,TGO,TUR,Togo,Türkiye,U,UNHCR,N,New,P,Persons,0,5
2015,TUN,TUR,Tunisia,Türkiye,U,UNHCR,N,New,P,Persons,0,7
2015,UGA,TUR,Uganda,Türkiye,U,UNHCR,A,Appeal,P,Persons,0,15
2015,UGA,TUR,Uganda,Türkiye,U,UNHCR,N,New,P,Persons,0,147
2015,UZB,TUR,Uzbekistan,Türkiye,U,UNHCR,A,Appeal,P,Persons,0,10
2015,UZB,TUR,Uzbekistan,Türkiye,U,UNHCR,N,New,P,Persons,0,154
2015,YEM,TUR,Yemen,Türkiye,U,UNHCR,N,New,P,Persons,0,131
2016,AFG,TUR,Afghanistan,Türkiye,U,UNHCR,N,New,P,Persons,0,34775
2016,AFG,TUR,Afghanistan,Türkiye,U,UNHCR,R,Repeat,P,Persons,0,20
2016,DZA,TUR,Algeria,Türkiye,U,UNHCR,N,New,P,Persons,0,9
2016,EGY,TUR,Egypt,Türkiye,U,UNHCR,A,Appeal,P,Persons,0,29
2016,EGY,TUR,Egypt,Türkiye,U,UNHCR,N,New,P,Persons,0,71
2016,BDI,TUR,Burundi,Türkiye,U,UNHCR,N,New,P,Persons,0,18
2016,BGD,TUR,Bangladesh,Türkiye,U,UNHCR,N,New,P,Persons,0,11
2016,CHN,TUR,China,Türkiye,U,UNHCR,N,New,P,Persons,0,57
2016,CMR,TUR,Cameroon,Türkiye,U,UNHCR,N,New,P,Persons,0,29
2016,COG,TUR,Congo,Türkiye,U,UNHCR,N,New,P,Persons,0,28
2016,COD,TUR,Democratic Republic of the Congo,Türkiye,U,UNHCR,A,Appeal,P,Persons,0,5
2016,COD,TUR,Democratic Republic of the Congo,Türkiye,U,UNHCR,N,New,P,Persons,0,39
2016,DJI,TUR,Djibouti,Türkiye,U,UNHCR,N,New,P,Persons,0,5
2016,ERI,TUR,Eritrea,Türkiye,U,UNHCR,N,New,P,Persons,0,49
2016,ETH,TUR,Ethiopia,Türkiye,U,UNHCR,N,New,P,Persons,0,68
2016,GMB,TUR,Gambia,Türkiye,U,UNHCR,N,New,P,Persons,0,5
2016,PSE,TUR,State of Palestine,Türkiye,U,UNHCR,N,New,P,Persons,0,263
2016,CIV,TUR,Côte d'Ivoire,Türkiye,U,UNHCR,N,New,P,Persons,0,5
2016,IRN,TUR,Iran (Islamic Republic of),Türkiye,U,UNHCR,A,Appeal,P,Persons,0,753
2016,IRN,TUR,Iran (Islamic Republic of),Türkiye,U,UNHCR,N,New,P,Persons,0,12115
2016,IRN,TUR,Iran (Islamic Republic of),Türkiye,U,UNHCR,R,Repeat,P,Persons,0,59
2016,IRQ,TUR,Iraq,Türkiye,U,UNHCR,A,Appeal,P,Persons,0,36
2016,IRQ,TUR,Iraq,Türkiye,U,UNHCR,N,New,P,Persons,0,28763
2016,IRQ,TUR,Iraq,Türkiye,U,UNHCR,R,Repeat,P,Persons,0,75
2016,JOR,TUR,Jordan,Türkiye,U,UNHCR,N,New,P,Persons,0,23
2016,KAZ,TUR,Kazakhstan,Türkiye,U,UNHCR,N,New,P,Persons,0,15
2016,KGZ,TUR,Kyrgyzstan,Türkiye,U,UNHCR,N,New,P,Persons,0,27
2016,KWT,TUR,Kuwait,Türkiye,U,UNHCR,N,New,P,Persons,0,9
2016,LBY,TUR,Libya,Türkiye,U,UNHCR,N,New,P,Persons,0,23
2016,LBN,TUR,Lebanon,Türkiye,U,UNHCR,N,New,P,Persons,0,20
2016,LKA,TUR,Sri Lanka,Türkiye,U,UNHCR,N,New,P,Persons,0,5
2016,MLI,TUR,Mali,Türkiye,U,UNHCR,A,Appeal,P,Persons,0,5
2016,MYS,TUR,Malaysia,Türkiye,U,UNHCR,N,New,P,Persons,0,5
2016,MNG,TUR,Mongolia,Türkiye,U,UNHCR,N,New,P,Persons,0,34
2016,MAR,TUR,Morocco,Türkiye,U,UNHCR,N,New,P,Persons,0,23
2016,NER,TUR,Niger,Türkiye,U,UNHCR,N,New,P,Persons,0,5
2016,NGA,TUR,Nigeria,Türkiye,U,UNHCR,A,Appeal,P,Persons,0,5
2016,NGA,TUR,Nigeria,Türkiye,U,UNHCR,N,New,P,Persons,0,17
2016,PAK,TUR,Pakistan,Türkiye,U,UNHCR,A,Appeal,P,Persons,0,5
2016,PAK,TUR,Pakistan,Türkiye,U,UNHCR,N,New,P,Persons,0,660
2016,RUS,TUR,Russian Federation,Türkiye,U,UNHCR,N,New,P,Persons,0,5
2016,SLE,TUR,Sierra Leone,Türkiye,U,UNHCR,N,New,P,Persons,0,9
2016,SOM,TUR,Somalia,Türkiye,U,UNHCR,N,New,P,Persons,0,492
2016,SSD,TUR,South Sudan,Türkiye,U,UNHCR,N,New,P,Persons,0,5
2016,STA,TUR,Stateless,Türkiye,U,UNHCR,N,New,P,Persons,0,21
2016,SDN,TUR,Sudan,Türkiye,U,UNHCR,A,Appeal,P,Persons,0,7
2016,SDN,TUR,Sudan,Türkiye,U,UNHCR,N,New,P,Persons,0,26
2016,SYR,TUR,Syrian Arab Republic,Türkiye,U,UNHCR,N,New,P,Persons,0,35
2016,TJK,TUR,Tajikistan,Türkiye,U,UNHCR,A,Appeal,P,Persons,0,8
2016,TJK,TUR,Tajikistan,Türkiye,U,UNHCR,N,New,P,Persons,0,90
2016,TKM,TUR,Turkmenistan,Türkiye,U,UNHCR,A,Appeal,P,Persons,0,5
2016,TKM,TUR,Turkmenistan,Türkiye,U,UNHCR,N,New,P,Persons,0,201
2016,TUN,TUR,Tunisia,Türkiye,U,UNHCR,N,New,P,Persons,0,24
2016,ARE,TUR,United Arab Emirates,Türkiye,U,UNHCR,N,New,P,Persons,0,16
2016,UGA,TUR,Uganda,Türkiye,U,UNHCR,A,Appeal,P,Persons,0,28
2016,UGA,TUR,Uganda,Türkiye,U,UNHCR,N,New,P,Persons,0,269
2016,UKN,TUR,Various / unknown,Türkiye,U,UNHCR,N,New,P,Persons,0,13
2016,UZB,TUR,Uzbekistan,Türkiye,U,UNHCR,N,New,P,Persons,0,156
2016,YEM,TUR,Yemen,Türkiye,U,UNHCR,N,New,P,Persons,0,55
2017,AFG,TUR,Afghanistan,Türkiye,U,UNHCR,N,New,P,Persons,0,67352
2017,AFG,TUR,Afghanistan,Türkiye,U,UNHCR,R,Repeat,P,Persons,0,5
2017,DZA,TUR,Algeria,Türkiye,U,UNHCR,N,New,P,Persons,0,11
2017,EGY,TUR,Egypt,Türkiye,U,UNHCR,N,New,P,Persons,0,96
2017,BDI,TUR,Burundi,Türkiye,U,UNHCR,N,New,P,Persons,0,13
2017,BGD,TUR,Bangladesh,Türkiye,U,UNHCR,N,New,P,Persons,0,31
2017,CAF,TUR,Central African Republic,Türkiye,U,UNHCR,N,New,P,Persons,0,5
2017,CHN,TUR,China,Türkiye,U,UNHCR,N,New,P,Persons,0,295
2017,CMR,TUR,Cameroon,Türkiye,U,UNHCR,N,New,P,Persons,0,15
2017,COG,TUR,Congo,Türkiye,U,UNHCR,N,New,P,Persons,0,63
2017,COD,TUR,Democratic Republic of the Congo,Türkiye,U,UNHCR,A,Appeal,P,Persons,0,5
2017,COD,TUR,Democratic Republic of the Congo,Türkiye,U,UNHCR,N,New,P,Persons,0,334
2017,DJI,TUR,Djibouti,Türkiye,U,UNHCR,N,New,P,Persons,0,5
2017,ERI,TUR,Eritrea,Türkiye,U,UNHCR,N,New,P,Persons,0,56
2017,ETH,TUR,Ethiopia,Türkiye,U,UNHCR,N,New,P,Persons,0,103
2017,GAB,TUR,Gabon,Türkiye,U,UNHCR,N,New,P,Persons,0,7
2017,GMB,TUR,Gambia,Türkiye,U,UNHCR,N,New,P,Persons,0,5
2017,PSE,TUR,State of Palestine,Türkiye,U,UNHCR,N,New,P,Persons,0,227
2017,GHA,TUR,Ghana,Türkiye,U,UNHCR,N,New,P,Persons,0,5
2017,GIN,TUR,Guinea,Türkiye,U,UNHCR,N,New,P,Persons,0,8
2017,CIV,TUR,Côte d'Ivoire,Türkiye,U,UNHCR,N,New,P,Persons,0,5
2017,IND,TUR,India,Türkiye,U,UNHCR,N,New,P,Persons,0,5
2017,IRN,TUR,Iran (Islamic Republic of),Türkiye,U,UNHCR,A,Appeal,P,Persons,0,785
2017,IRN,TUR,Iran (Islamic Republic of),Türkiye,U,UNHCR,N,New,P,Persons,0,9186
2017,IRN,TUR,Iran (Islamic Republic of),Türkiye,U,UNHCR,R,Repeat,P,Persons,0,18
2017,IRQ,TUR,Iraq,Türkiye,U,UNHCR,A,Appeal,P,Persons,0,12
2017,IRQ,TUR,Iraq,Türkiye,U,UNHCR,N,New,P,Persons,0,44500
2017,IRQ,TUR,Iraq,Türkiye,U,UNHCR,R,Repeat,P,Persons,0,11
2017,JOR,TUR,Jordan,Türkiye,U,UNHCR,N,New,P,Persons,0,32
2017,KAZ,TUR,Kazakhstan,Türkiye,U,UNHCR,N,New,P,Persons,0,5
2017,KGZ,TUR,Kyrgyzstan,Türkiye,U,UNHCR,N,New,P,Persons,0,28
2017,LBR,TUR,Liberia,Türkiye,U,UNHCR,N,New,P,Persons,0,5
2017,LBY,TUR,Libya,Türkiye,U,UNHCR,N,New,P,Persons,0,25
2017,LBN,TUR,Lebanon,Türkiye,U,UNHCR,N,New,P,Persons,0,8
2017,MLI,TUR,Mali,Türkiye,U,UNHCR,N,New,P,Persons,0,5
2017,MNG,TUR,Mongolia,Türkiye,U,UNHCR,N,New,P,Persons,0,34
2017,MAR,TUR,Morocco,Türkiye,U,UNHCR,N,New,P,Persons,0,27
2017,MMR,TUR,Myanmar,Türkiye,U,UNHCR,N,New,P,Persons,0,9
2017,NGA,TUR,Nigeria,Türkiye,U,UNHCR,N,New,P,Persons,0,24
2017,PAK,TUR,Pakistan,Türkiye,U,UNHCR,A,Appeal,P,Persons,0,5
2017,PAK,TUR,Pakistan,Türkiye,U,UNHCR,N,New,P,Persons,0,962
2017,PHL,TUR,Philippines,Türkiye,U,UNHCR,N,New,P,Persons,0,5
2017,SEN,TUR,Senegal,Türkiye,U,UNHCR,N,New,P,Persons,0,5
2017,SOM,TUR,Somalia,Türkiye,U,UNHCR,A,Appeal,P,Persons,0,6
2017,SOM,TUR,Somalia,Türkiye,U,UNHCR,N,New,P,Persons,0,1441
2017,STA,TUR,Stateless,Türkiye,U,UNHCR,N,New,P,Persons,0,40
2017,SDN,TUR,Sudan,Türkiye,U,UNHCR,N,New,P,Persons,0,48
2017,SYR,TUR,Syrian Arab Republic,Türkiye,U,UNHCR,N,New,P,Persons,0,17
2017,TJK,TUR,Tajikistan,Türkiye,U,UNHCR,N,New,P,Persons,0,76
2017,TKM,TUR,Turkmenistan,Türkiye,U,UNHCR,N,New,P,Persons,0,284
2017,TUN,TUR,Tunisia,Türkiye,U,UNHCR,N,New,P,Persons,0,13
2017,ARE,TUR,United Arab Emirates,Türkiye,U,UNHCR,N,New,P,Persons,0,6
2017,UGA,TUR,Uganda,Türkiye,U,UNHCR,A,Appeal,P,Persons,0,11
2017,UGA,TUR,Uganda,Türkiye,U,UNHCR,N,New,P,Persons,0,109
2017,UZB,TUR,Uzbekistan,Türkiye,U,UNHCR,N,New,P,Persons,0,234
2017,YEM,TUR,Yemen,Türkiye,U,UNHCR,N,New,P,Persons,0,246
2017,ZWE,TUR,Zimbabwe,Türkiye,U,UNHCR,N,New,P,Persons,0,37
2018,AFG,TUR,Afghanistan,Türkiye,U,UNHCR,N,New,P,Persons,0,53029
2018,AFG,TUR,Afghanistan,Türkiye,U,UNHCR,R,Repeat,P,Persons,0,8
2018,DZA,TUR,Algeria,Türkiye,U,UNHCR,N,New,P,Persons,0,5
2018,AGO,TUR,Angola,Türkiye,U,UNHCR,N,New,P,Persons,0,14
2018,EGY,TUR,Egypt,Türkiye,U,UNHCR,N,New,P,Persons,0,93
2018,BDI,TUR,Burundi,Türkiye,U,UNHCR,N,New,P,Persons,0,10
2018,BGD,TUR,Bangladesh,Türkiye,U,UNHCR,N,New,P,Persons,0,53
2018,CAF,TUR,Central African Republic,Türkiye,U,UNHCR,N,New,P,Persons,0,10
2018,CHN,TUR,China,Türkiye,U,UNHCR,N,New,P,Persons,0,37
2018,CMR,TUR,Cameroon,Türkiye,U,UNHCR,N,New,P,Persons,0,16
2018,COG,TUR,Congo,Türkiye,U,UNHCR,N,New,P,Persons,0,9
2018,COD,TUR,Democratic Republic of the Congo,Türkiye,U,UNHCR,N,New,P,Persons,0,242
2018,DJI,TUR,Djibouti,Türkiye,U,UNHCR,N,New,P,Persons,0,34
2018,ERI,TUR,Eritrea,Türkiye,U,UNHCR,N,New,P,Persons,0,93
2018,ETH,TUR,Ethiopia,Türkiye,U,UNHCR,N,New,P,Persons,0,107
2018,PSE,TUR,State of Palestine,Türkiye,U,UNHCR,N,New,P,Persons,0,165
2018,GHA,TUR,Ghana,Türkiye,U,UNHCR,N,New,P,Persons,0,5
2018,GIN,TUR,Guinea,Türkiye,U,UNHCR,N,New,P,Persons,0,8
2018,IRN,TUR,Iran (Islamic Republic of),Türkiye,U,UNHCR,A,Appeal,P,Persons,0,359
2018,IRN,TUR,Iran (Islamic Republic of),Türkiye,U,UNHCR,N,New,P,Persons,0,6387
2018,IRN,TUR,Iran (Islamic Republic of),Türkiye,U,UNHCR,R,Repeat,P,Persons,0,17
2018,IRQ,TUR,Iraq,Türkiye,U,UNHCR,N,New,P,Persons,0,19959
2018,JOR,TUR,Jordan,Türkiye,U,UNHCR,N,New,P,Persons,0,42
2018,KGZ,TUR,Kyrgyzstan,Türkiye,U,UNHCR,N,New,P,Persons,0,14
2018,LBY,TUR,Libya,Türkiye,U,UNHCR,N,New,P,Persons,0,43
2018,LKA,TUR,Sri Lanka,Türkiye,U,UNHCR,N,New,P,Persons,0,5
2018,MNG,TUR,Mongolia,Türkiye,U,UNHCR,N,New,P,Persons,0,38
2018,MAR,TUR,Morocco,Türkiye,U,UNHCR,N,New,P,Persons,0,18
2018,MMR,TUR,Myanmar,Türkiye,U,UNHCR,N,New,P,Persons,0,13
2018,NGA,TUR,Nigeria,Türkiye,U,UNHCR,N,New,P,Persons,0,27
2018,PAK,TUR,Pakistan,Türkiye,U,UNHCR,A,Appeal,P,Persons,0,5
2018,PAK,TUR,Pakistan,Türkiye,U,UNHCR,N,New,P,Persons,0,716
2018,SAU,TUR,Saudi Arabia,Türkiye,U,UNHCR,N,New,P,Persons,0,9
2018,SLE,TUR,Sierra Leone,Türkiye,U,UNHCR,N,New,P,Persons,0,5
2018,SOM,TUR,Somalia,Türkiye,U,UNHCR,N,New,P,Persons,0,1769
2018,SSD,TUR,South Sudan,Türkiye,U,UNHCR,N,New,P,Persons,0,5
2018,STA,TUR,Stateless,Türkiye,U,UNHCR,N,New,P,Persons,0,12
2018,SDN,TUR,Sudan,Türkiye,U,UNHCR,A,Appeal,P,Persons,0,6
2018,SDN,TUR,Sudan,Türkiye,U,UNHCR,N,New,P,Persons,0,65
2018,SYR,TUR,Syrian Arab Republic,Türkiye,U,UNHCR,N,New,P,Persons,0,5
2018,TJK,TUR,Tajikistan,Türkiye,U,UNHCR,N,New,P,Persons,0,72
2018,TKM,TUR,Turkmenistan,Türkiye,U,UNHCR,N,New,P,Persons,0,192
2018,TGO,TUR,Togo,Türkiye,U,UNHCR,N,New,P,Persons,0,5
2018,TUN,TUR,Tunisia,Türkiye,U,UNHCR,N,New,P,Persons,0,10
2018,UGA,TUR,Uganda,Türkiye,U,UNHCR,N,New,P,Persons,0,81
2018,UZB,TUR,Uzbekistan,Türkiye,U,UNHCR,N,New,P,Persons,0,99
2018,YEM,TUR,Yemen,Türkiye,U,UNHCR,N,New,P,Persons,0,250
2018,ZWE,TUR,Zimbabwe,Türkiye,U,UNHCR,N,New,P,Persons,0,26
2019,AFG,TUR,Afghanistan,Türkiye,G,Government,N,New,P,Persons,0,35042
2019,IRN,TUR,Iran (Islamic Republic of),Türkiye,G,Government,N,New,P,Persons,0,3558
2019,IRQ,TUR,Iraq,Türkiye,G,Government,N,New,P,Persons,0,15532
2019,UKN,TUR,Various / unknown,Türkiye,G,Government,N,New,P,Persons,0,2285
2020,AFG,TUR,Afghanistan,Türkiye,G,Government,N,New,P,Persons,0,22606
2020,IRN,TUR,Iran (Islamic Republic of),Türkiye,G,Government,N,New,P,Persons,0,1425
2020,IRQ,TUR,Iraq,Türkiye,G,Government,N,New,P,Persons,0,5875
2020,UKN,TUR,Various / unknown,Türkiye,G,Government,N,New,P,Persons,0,1428
2021,AFG,TUR,Afghanistan,Türkiye,G,Government,N,New,P,Persons,0,21926
2021,IRN,TUR,Iran (Islamic Republic of),Türkiye,G,Government,N,New,P,Persons,0,1032
2021,IRQ,TUR,Iraq,Türkiye,G,Government,N,New,P,Persons,0,4961
2021,UKN,TUR,Various / unknown,Türkiye,G,Government,N,New,P,Persons,0,1337
2022,AFG,TUR,Afghanistan,Türkiye,G,Government,N,New,P,Persons,0,19400
2022,IRN,TUR,Iran (Islamic Republic of),Türkiye,G,Government,N,New,P,Persons,0,1140
2022,IRQ,TUR,Iraq,Türkiye,G,Government,N,New,P,Persons,0,4083
2022,UKN,TUR,Various / unknown,Türkiye,G,Government,N,New,P,Persons,0,1492
2022,UKR,TUR,Ukraine,Türkiye,G,Government,N,New,P,Persons,0,7131
2023,AFG,TUR,Afghanistan,Türkiye,G,Government,N,New,P,Persons,0,13068
2023,IRN,TUR,Iran (Islamic Republic of),Türkiye,G,Government,N,New,P,Persons,0,1416
2023,IRQ,TUR,Iraq,Türkiye,G,Government,N,New,P,Persons,0,2776
2023,UKN,TUR,Various / unknown,Türkiye,G,Government,N,New,P,Persons,0,1044
2023,UKR,TUR,Ukraine,Türkiye,G,Government,N,New,P,Persons,0,713
2024,AFG,TUR,Afghanistan,Türkiye,G,Government,N,New,P,Persons,0,5550
2024,IRN,TUR,Iran (Islamic Republic of),Türkiye,G,Government,N,New,P,Persons,0,784
2024,IRQ,TUR,Iraq,Türkiye,G,Government,N,New,P,Persons,0,1881
2024,UKN,TUR,Various / unknown,Türkiye,G,Government,N,New,P,Persons,0,655
2024,UKR,TUR,Ukraine,Türkiye,G,Government,N,New,P,Persons,0,139
2025,AFG,TUR,Afghanistan,Türkiye,G,Government,N,New,P,Persons,0,1982
2025,IRN,TUR,Iran (Islamic Republic of),Türkiye,G,Government,N,New,P,Persons,0,253
2025,IRQ,TUR,Iraq,Türkiye,G,Government,N,New,P,Persons,0,716
2025,UKN,TUR,Various / unknown,Türkiye,G,Government,N,New,P,Persons,0,276
2025,UKR,TUR,Ukraine,Türkiye,G,Government,N,New,P,Persons,0,40
